codigo_comuna,comuna,region,conara_sources,source_available,dwellings_2024,vacant_2024,households_2024,residential_roles_2026s1,signed_gap,coverage_pct,historical_conara_sources,historical_source_available,residential_roles_2024s2,gap_2024s2,roles_without_coordinates,parent_references,net_mean_annual_clp,net_median_annual_clp,net_positive_share,net_positive_mean_annual_clp,net_positive_median_annual_clp,scenario_q0_clp,scenario_q025_clp,scenario_q05_clp,scenario_q1_clp,fiscal_status
10101,Puerto Montt,Los Lagos,10301,True,116003,12431,100163,86967,29036,74.96961285483997,10301,True,82438,33565,7040,0,,,,,,,,,,blocked_components
10102,Calbuco,Los Lagos,10309,True,15935,2121,13410,4694,11241,29.45716975211798,10309,True,4316,11619,990,0,,,,,,,,,,blocked_components
10103,Cochamó,Los Lagos,10302,True,3059,1151,1887,441,2618,14.416475972540045,10302,True,413,2646,201,0,,,,,,,,,,blocked_components
10104,Fresia,Los Lagos,10304,True,6285,1035,4853,3274,3011,52.09228321400159,10304,True,3219,3066,1064,0,,,,,,,,,,blocked_components
10105,Frutillar,Los Lagos,10305,True,10299,1575,8159,7007,3292,68.03573162442956,10305,True,6078,4221,1324,0,,,,,,,,,,blocked_components
10106,Los Muermos,Los Lagos,10308,True,8696,1571,6657,3205,5491,36.85602575896964,10308,True,3115,5581,694,0,,,,,,,,,,blocked_components
10107,Llanquihue,Los Lagos,10306,True,6957,552,6206,4983,1974,71.6257007330746,10306,True,4708,2249,626,0,,,,,,,,,,blocked_components
10108,Maullín,Los Lagos,10307,True,7554,1348,5960,3013,4541,39.88615303150649,10307,True,2910,4644,535,0,,,,,,,,,,blocked_components
10109,Puerto Varas,Los Lagos,10303,True,25190,3928,19108,16454,8736,65.31957125843589,10303,True,15165,10025,1142,0,,,,,,,,,,blocked_components
10201,Castro,Los Lagos,10401,True,21172,2066,17911,13268,7904,62.667674286793876,10401,True,12488,8684,1207,0,,,,,,,,,,blocked_components
10202,Ancud,Los Lagos,10406,True,19842,2937,15668,11768,8074,59.30853744582199,10406,True,11388,8454,2166,0,,,,,,,,,,blocked_components
10203,Chonchi,Los Lagos,10402,True,8286,1610,6355,2709,5577,32.69370021723389,10402,True,2480,5806,539,0,,,,,,,,,,blocked_components
10204,Curaco de Vélez,Los Lagos,10410,True,1915,417,1423,669,1246,34.93472584856397,10410,True,641,1274,258,0,,,,,,,,,,blocked_components
10205,Dalcahue,Los Lagos,10408,True,7222,1354,5610,2777,4445,38.45195236776516,10408,True,2674,4548,1372,0,,,,,,,,,,blocked_components
10206,Puqueldón,Los Lagos,10405,True,2091,510,1556,459,1632,21.951219512195124,10405,True,436,1655,16,0,,,,,,,,,,blocked_components
10207,Queilén,Los Lagos,10403,True,3139,837,2237,1256,1883,40.01274291175534,10403,True,1052,2087,310,0,,,,,,,,,,blocked_components
10208,Quellón,Los Lagos,10404,True,13470,1991,10859,5268,8202,39.10913140311804,10404,True,5111,8359,1511,0,,,,,,,,,,blocked_components
10209,Quemchi,Los Lagos,10407,True,4650,1193,3373,985,3665,21.182795698924732,10407,True,934,3716,247,0,,,,,,,,,,blocked_components
10210,Quinchao,Los Lagos,10415,True,4148,995,3011,1272,2876,30.665380906460946,10415,True,1236,2912,658,0,,,,,,,,,,blocked_components
10301,Osorno,Los Lagos,10201,True,68725,3898,62545,55834,12891,81.24263368497635,10201,True,53722,15003,4298,0,,,,,,,,,,blocked_components
10302,Puerto Octay,Los Lagos,10203,True,5289,1751,3349,1674,3615,31.650595575723198,10203,True,1435,3854,668,0,,,,,,,,,,blocked_components
10303,Purranque,Los Lagos,10206,True,8704,950,7304,5305,3399,60.94898897058823,10206,True,5073,3631,725,0,,,,,,,,,,blocked_components
10304,Puyehue,Los Lagos,10204,True,5982,1306,4404,2582,3400,43.162821798729524,10204,True,2440,3542,630,0,,,,,,,,,,blocked_components
10305,Río Negro,Los Lagos,10205,True,6488,829,5269,3261,3227,50.262022194821206,10205,True,3191,3297,1380,0,,,,,,,,,,blocked_components
10306,San Juan de la Costa,Los Lagos,10207,True,6794,3269,3340,1187,5607,17.47129820429791,10207,True,1148,5646,381,0,,,,,,,,,,blocked_components
10307,San Pablo,Los Lagos,10202,True,5130,889,4192,2375,2755,46.2962962962963,10202,True,2324,2806,875,0,,,,,,,,,,blocked_components
10401,Chaitén,Los Lagos,10501,True,2557,753,1676,1219,1338,47.6730543605788,10501,True,1183,1374,500,0,,,,,,,,,,blocked_components
10402,Futaleufú,Los Lagos,10503,True,1790,452,1333,671,1119,37.486033519553075,10503,True,610,1180,99,0,,,,,,,,,,blocked_components
10403,Hualaihué,Los Lagos,10502,True,5214,1113,3709,1387,3827,26.60145761411584,10502,True,1293,3921,212,0,,,,,,,,,,blocked_components
10404,Palena,Los Lagos,10504,True,1308,421,868,455,853,34.78593272171254,10504,True,437,871,39,0,,,,,,,,,,blocked_components
1101,Iquique,Tarapacá,01201,True,75326,6563,69800,55511,19815,73.69434192709025,01201,True,54367,20959,1049,0,,,,,,,,,,blocked_components
1107,Alto Hospicio,Tarapacá,01211,True,46558,2827,42150,31190,15368,66.99170926586194,01211,True,30149,16409,813,0,,,,,,,,,,blocked_components
11101,Coyhaique,Aysén del General Carlos Ibáñez del Campo,11401,True,27953,4447,22423,19704,8249,70.48975065288163,11401,True,18970,8983,573,0,,,,,,,,,,blocked_components
11102,Lago Verde,Aysén del General Carlos Ibáñez del Campo,11402,True,721,310,373,285,436,39.528432732316226,11402,True,263,458,42,0,,,,,,,,,,blocked_components
11201,Aysén,Aysén del General Carlos Ibáñez del Campo,11101,True,11036,1209,9057,8133,2903,73.69517941283074,11101,True,7769,3267,6753,0,,,,,,,,,,blocked_components
11202,Cisnes,Aysén del General Carlos Ibáñez del Campo,11102,True,3434,900,2180,1817,1617,52.9120559114735,11102,True,1797,1637,672,0,,,,,,,,,,blocked_components
11203,Guaitecas,Aysén del General Carlos Ibáñez del Campo,11104,True,813,208,606,327,486,40.22140221402214,11104,True,319,494,19,0,,,,,,,,,,blocked_components
11301,Cochrane,Aysén del General Carlos Ibáñez del Campo,11301,True,2119,598,1462,1191,928,56.2057574327513,11301,True,1130,989,160,0,,,,,,,,,,blocked_components
11302,O'Higgins,Aysén del General Carlos Ibáñez del Campo,11302,True,403,107,292,195,208,48.38709677419355,11302,True,197,206,4,0,,,,,,,,,,blocked_components
11303,Tortel,Aysén del General Carlos Ibáñez del Campo,11303,True,392,148,231,133,259,33.92857142857143,11303,True,132,260,130,0,,,,,,,,,,blocked_components
11401,Chile Chico,Aysén del General Carlos Ibáñez del Campo,11201,True,3103,739,2109,1819,1284,58.62068965517241,11201,True,1783,1320,195,0,,,,,,,,,,blocked_components
11402,Río Ibáñez,Aysén del General Carlos Ibáñez del Campo,11203,True,2234,932,1231,980,1254,43.86750223813787,11203,True,933,1301,508,0,,,,,,,,,,blocked_components
12101,Punta Arenas,Magallanes y de la Antártica Chilena,12205,True,59126,6135,49571,47390,11736,80.15086425599567,12205,True,46223,12903,5235,0,,,,,,,,,,blocked_components
12102,Laguna Blanca,Magallanes y de la Antártica Chilena,12206,True,287,185,98,50,237,17.421602787456447,12206,True,49,238,50,0,,,,,,,,,,blocked_components
12103,Río Verde,Magallanes y de la Antártica Chilena,12202,True,188,124,63,1,187,0.5319148936170213,12202,True,1,187,1,0,,,,,,,,,,blocked_components
12104,San Gregorio,Magallanes y de la Antártica Chilena,12204,True,441,327,110,118,323,26.75736961451247,12204,True,117,324,118,0,,,,,,,,,,blocked_components
12201,Cabo de Hornos,Magallanes y de la Antártica Chilena,12401,True,775,156,617,404,371,52.12903225806452,12401,True,404,371,11,0,,,,,,,,,,blocked_components
12202,Antártica,Magallanes y de la Antártica Chilena,,False,0,0,0,,,,,False,,,,,,,,,,,,,,missing_source
12301,Porvenir,Magallanes y de la Antártica Chilena,12301,True,3540,717,2770,2017,1523,56.9774011299435,12301,True,1869,1671,185,0,,,,,,,,,,blocked_components
12302,Primavera,Magallanes y de la Antártica Chilena,12302,True,414,235,181,65,349,15.70048309178744,12302,True,65,349,60,0,,,,,,,,,,blocked_components
12303,Timaukel,Magallanes y de la Antártica Chilena,12304,True,213,148,62,13,200,6.103286384976526,12304,True,13,200,13,0,,,,,,,,,,blocked_components
12401,Natales,Magallanes y de la Antártica Chilena,12101,True,11205,1132,9490,8796,2409,78.50066934404283,12101,True,8522,2683,6758,0,,,,,,,,,,blocked_components
12402,Torres del Paine,Magallanes y de la Antártica Chilena,12103,True,303,203,100,23,280,7.590759075907591,12103,True,24,279,6,0,,,,,,,,,,blocked_components
13101,Santiago,Metropolitana de Santiago,"13101,13134,13135",True,239172,25131,206458,219706,19466,91.86108741825966,"13101,13134,13135",True,209651,29521,37,0,,,,,,,,,,blocked_components
13102,Cerrillos,Metropolitana de Santiago,14166,True,31635,2059,28186,28135,3500,88.93630472577841,14166,True,25767,5868,1000,0,,,,,,,,,,blocked_components
13103,Cerro Navia,Metropolitana de Santiago,14156,True,40081,561,41864,30699,9382,76.59240038921185,14156,True,29957,10124,0,0,,,,,,,,,,blocked_components
13104,Conchalí,Metropolitana de Santiago,14127,True,38815,1101,40727,32219,6596,83.00656962514492,14127,True,32025,6790,812,0,,,,,,,,,,blocked_components
13105,El Bosque,Metropolitana de Santiago,16165,True,50329,1193,50233,42543,7786,84.52979395577103,16165,True,42364,7965,1287,0,,,,,,,,,,blocked_components
13106,Estación Central,Metropolitana de Santiago,14157,True,75992,7003,67722,70314,5678,92.5281608590378,14157,True,68036,7956,2407,0,,,,,,,,,,blocked_components
13107,Huechuraba,Metropolitana de Santiago,14158,True,31097,782,31965,28411,2686,91.36251085313695,14158,True,27617,3480,0,0,,,,,,,,,,blocked_components
13108,Independencia,Metropolitana de Santiago,13167,True,50308,4426,45411,43742,6566,86.94839786912618,13167,True,40758,9550,553,0,,,,,,,,,,blocked_components
13109,La Cisterna,Metropolitana de Santiago,16110,True,41580,3138,38042,42308,-728,101.75084175084174,16110,True,39802,1778,237,0,,,,,,,,,,blocked_components
13110,La Florida,Metropolitana de Santiago,15128,True,143584,8927,133631,140184,3400,97.63204813906842,15128,True,133848,9736,332,0,,,,,,,,,,blocked_components
13111,La Granja,Metropolitana de Santiago,16131,True,36686,607,37118,29929,6757,81.58152973886496,16131,True,29653,7033,2507,0,,,,,,,,,,blocked_components
13112,La Pintana,Metropolitana de Santiago,16154,True,53011,922,53951,48826,4185,92.1054120842844,16154,True,48459,4552,1376,0,,,,,,,,,,blocked_components
13113,La Reina,Metropolitana de Santiago,15132,True,31596,1044,30574,30064,1532,95.15128497278137,15132,True,30004,1592,2,0,,,,,,,,,,blocked_components
13114,Las Condes,Metropolitana de Santiago,15108,True,128937,7674,116176,128395,542,99.57963966898564,15108,True,126885,2052,80,0,,,,,,,,,,blocked_components
13115,Lo Barnechea,Metropolitana de Santiago,15161,True,36370,2835,32458,33957,2413,93.36541105306571,15161,True,33488,2882,9,0,,,,,,,,,,blocked_components
13116,Lo Espejo,Metropolitana de Santiago,16164,True,27346,697,27387,23026,4320,84.20244277042346,16164,True,23026,4320,408,0,,,,,,,,,,blocked_components
13117,Lo Prado,Metropolitana de Santiago,14155,True,31002,788,31862,24089,6913,77.70143861686343,14155,True,23963,7039,2237,0,,,,,,,,,,blocked_components
13118,Macul,Metropolitana de Santiago,15151,True,50694,2063,47555,49150,1544,96.95427466761352,15151,True,46213,4481,791,0,,,,,,,,,,blocked_components
13119,Maipú,Metropolitana de Santiago,14109,True,169332,3485,167383,161167,8165,95.17811163867432,14109,True,160689,8643,366,0,,,,,,,,,,blocked_components
13120,Ñuñoa,Metropolitana de Santiago,15105,True,121424,8046,108555,127740,-6316,105.20160758993279,15105,True,118607,2817,3693,0,,,,,,,,,,blocked_components
13121,Pedro Aguirre Cerda,Metropolitana de Santiago,16162,True,31027,674,32328,26581,4446,85.67054500918555,16162,True,26582,4445,495,0,,,,,,,,,,blocked_components
13122,Peñalolén,Metropolitana de Santiago,15152,True,75487,1397,76078,62545,12942,82.85532608263675,15152,True,61577,13910,56,0,,,,,,,,,,blocked_components
13123,Providencia,Metropolitana de Santiago,15103,True,76376,6269,69157,75458,918,98.79805174400335,15103,True,74668,1708,2,0,,,,,,,,,,blocked_components
13124,Pudahuel,Metropolitana de Santiago,14111,True,73700,1432,74144,64790,8910,87.91044776119404,14111,True,64293,9407,2396,0,,,,,,,,,,blocked_components
13125,Quilicura,Metropolitana de Santiago,14114,True,66986,2021,65059,65154,1832,97.26510017018481,14114,True,64375,2611,196,0,,,,,,,,,,blocked_components
13126,Quinta Normal,Metropolitana de Santiago,14107,True,46784,1776,45700,38307,8477,81.88055745554036,14107,True,37269,9515,139,0,,,,,,,,,,blocked_components
13127,Recoleta,Metropolitana de Santiago,13159,True,55851,2465,55579,40340,15511,72.22789206997189,13159,True,40037,15814,10,0,,,,,,,,,,blocked_components
13128,Renca,Metropolitana de Santiago,14113,True,46449,1257,46397,41881,4568,90.16555792374432,14113,True,41407,5042,117,0,,,,,,,,,,blocked_components
13129,San Joaquín,Metropolitana de Santiago,16163,True,33840,1273,33461,31123,2717,91.97104018912529,16163,True,29939,3901,2632,0,,,,,,,,,,blocked_components
13130,San Miguel,Metropolitana de Santiago,16106,True,65777,3511,60243,63793,1984,96.98374811864329,16106,True,62565,3212,1289,0,,,,,,,,,,blocked_components
13131,San Ramón,Metropolitana de Santiago,16153,True,23812,608,24963,19227,4585,80.74500251973795,16153,True,19137,4675,1688,0,,,,,,,,,,blocked_components
13132,Vitacura,Metropolitana de Santiago,15160,True,34523,1865,31114,35280,-757,102.19274107116995,15160,True,34479,44,0,0,,,,,,,,,,blocked_components
13201,Puente Alto,Metropolitana de Santiago,16301,True,190304,4440,182855,181048,9256,95.13620312762737,16301,True,178436,11868,696,0,,,,,,,,,,blocked_components
13202,Pirque,Metropolitana de Santiago,16302,True,10181,504,9183,5282,4899,51.88095471957568,16302,True,5090,5091,250,0,,,,,,,,,,blocked_components
13203,San José de Maipo,Metropolitana de Santiago,16303,True,8017,1251,6368,4570,3447,57.00386678308594,16303,True,4071,3946,324,0,,,,,,,,,,blocked_components
13301,Colina,Metropolitana de Santiago,14201,True,54763,2485,50926,48335,6428,88.26214780052226,14201,True,45390,9373,328,0,,,,,,,,,,blocked_components
13302,Lampa,Metropolitana de Santiago,14202,True,50270,3118,45445,35082,15188,69.78714939327631,14202,True,32516,17754,431,0,,,,,,,,,,blocked_components
13303,Tiltil,Metropolitana de Santiago,14203,True,8229,1219,6585,4422,3807,53.736784542471746,14203,True,4224,4005,308,0,,,,,,,,,,blocked_components
13401,San Bernardo,Metropolitana de Santiago,16401,True,102205,2918,98580,92672,9533,90.67266767770657,16401,True,90668,11537,2046,0,,,,,,,,,,blocked_components
13402,Buin,Metropolitana de Santiago,16403,True,42438,2661,37620,34675,7763,81.70743201847401,16403,True,33851,8587,125,0,,,,,,,,,,blocked_components
13403,Calera de Tango,Metropolitana de Santiago,16402,True,8399,259,7852,5492,2907,65.38873675437551,16402,True,5337,3062,9,0,,,,,,,,,,blocked_components
13404,Paine,Metropolitana de Santiago,16404,True,30796,3162,25871,17500,13296,56.8255617612677,16404,True,16771,14025,115,0,,,,,,,,,,blocked_components
13501,Melipilla,Metropolitana de Santiago,14601,True,52214,4616,46457,35643,16571,68.26330103037499,14601,True,33975,18239,3548,0,,,,,,,,,,blocked_components
13502,Alhué,Metropolitana de Santiago,14605,True,3311,524,2770,1235,2076,37.29990939293265,14605,True,1212,2099,325,0,,,,,,,,,,blocked_components
13503,Curacaví,Metropolitana de Santiago,14603,True,14218,1526,12001,8691,5527,61.126740751160504,14603,True,8486,5732,60,0,,,,,,,,,,blocked_components
13504,María Pinto,Metropolitana de Santiago,14602,True,5880,569,5247,2705,3175,46.00340136054422,14602,True,2648,3232,931,0,,,,,,,,,,blocked_components
13505,San Pedro,Metropolitana de Santiago,14604,True,5358,1097,3973,915,4443,17.07726763717805,14604,True,878,4480,234,0,,,,,,,,,,blocked_components
13601,Talagante,Metropolitana de Santiago,14501,True,27522,1645,24425,20709,6813,75.24525833878351,14501,True,20215,7307,330,0,,,,,,,,,,blocked_components
13602,El Monte,Metropolitana de Santiago,14503,True,13357,729,12141,10092,3265,75.55588829827057,14503,True,9831,3526,394,0,,,,,,,,,,blocked_components
13603,Isla de Maipo,Metropolitana de Santiago,14502,True,14518,1094,12989,10573,3945,72.82683565229371,14502,True,10030,4488,122,0,,,,,,,,,,blocked_components
13604,Padre Hurtado,Metropolitana de Santiago,14505,True,28781,1326,26139,26040,2741,90.47635592925889,14505,True,24190,4591,84,0,,,,,,,,,,blocked_components
13605,Peñaflor,Metropolitana de Santiago,14504,True,33023,1651,30713,28318,4705,85.7523544196469,14504,True,27594,5429,499,0,,,,,,,,,,blocked_components
1401,Pozo Almonte,Tarapacá,01204,True,11593,6087,5609,5379,6214,46.39868886396964,01204,True,5047,6546,573,0,,,,,,,,,,blocked_components
1402,Camiña,Tarapacá,01208,True,1178,696,489,494,684,41.935483870967744,01208,True,477,701,240,0,,,,,,,,,,blocked_components
1403,Colchane,Tarapacá,01210,True,2112,1849,247,239,1873,11.316287878787879,01210,True,236,1876,30,0,,,,,,,,,,blocked_components
1404,Huara,Tarapacá,01206,True,3212,2094,1036,1676,1536,52.179327521793276,01206,True,1524,1688,950,0,,,,,,,,,,blocked_components
1405,Pica,Tarapacá,01203,True,3196,987,2180,1912,1284,59.824780976220275,01203,True,1659,1537,139,0,,,,,,,,,,blocked_components
14101,Valdivia,Los Ríos,10101,True,72810,8541,63026,51798,21012,71.1413267408323,10101,True,50045,22765,1286,0,,,,,,,,,,blocked_components
14102,Corral,Los Ríos,10106,True,3358,1015,2131,1712,1646,50.98272781417511,10106,True,1664,1694,328,0,,,,,,,,,,blocked_components
14103,Lanco,Los Ríos,10103,True,7781,737,6432,4838,2943,62.1770980593754,10103,True,4442,3339,156,0,,,,,,,,,,blocked_components
14104,Los Lagos,Los Ríos,10104,True,9572,1452,7908,4430,5142,46.280819055578775,10104,True,4180,5392,391,0,,,,,,,,,,blocked_components
14105,Máfil,Los Ríos,10107,True,3436,442,2949,1745,1691,50.78579743888242,10107,True,1601,1835,65,0,,,,,,,,,,blocked_components
14106,Mariquina,Los Ríos,10102,True,10267,1510,8223,5447,4820,53.05347228986072,10102,True,5285,4982,437,0,,,,,,,,,,blocked_components
14107,Paillaco,Los Ríos,10110,True,8437,864,7294,4486,3951,53.170558255304016,10110,True,4372,4065,192,0,,,,,,,,,,blocked_components
14108,Panguipulli,Los Ríos,10108,True,20013,5362,13315,7947,12066,39.70918902713236,10108,True,7426,12587,343,0,,,,,,,,,,blocked_components
14201,La Unión,Los Ríos,10109,True,17144,1786,14579,10950,6194,63.87074195053663,10109,True,10553,6591,606,0,,,,,,,,,,blocked_components
14202,Futrono,Los Ríos,10105,True,7930,2054,5761,3863,4067,48.71374527112232,10105,True,3607,4323,123,0,,,,,,,,,,blocked_components
14203,Lago Ranco,Los Ríos,10112,True,6248,1715,4090,2215,4033,35.45134443021767,10112,True,2022,4226,13,0,,,,,,,,,,blocked_components
14204,Río Bueno,Los Ríos,10111,True,16362,2708,12935,8928,7434,54.56545654565456,10111,True,8015,8347,320,0,,,,,,,,,,blocked_components
15101,Arica,Arica y Parinacota,01101,True,84853,6935,79338,64694,20159,76.2424428128646,01101,True,63970,20883,570,0,,,,,,,,,,blocked_components
15102,Camarones,Arica y Parinacota,01106,True,1035,602,437,365,670,35.265700483091784,01106,True,365,670,163,0,,,,,,,,,,blocked_components
15201,Putre,Arica y Parinacota,01301,True,1851,1150,619,698,1153,37.70934629929768,01301,True,688,1163,99,0,,,,,,,,,,blocked_components
15202,General Lagos,Arica y Parinacota,01302,True,623,399,226,121,502,19.42215088282504,01302,True,121,502,9,0,,,,,,,,,,blocked_components
16101,Chillán,Ñuble,08101,True,80984,9308,70003,72955,8029,90.08569593993876,08101,True,69674,11310,1897,0,,,,,,,,,,blocked_components
16102,Bulnes,Ñuble,08113,True,10527,1574,8771,7063,3464,67.09413888097274,08113,True,6605,3922,1226,0,,,,,,,,,,blocked_components
16103,Chillán Viejo,Ñuble,08121,True,13017,927,11738,10844,2173,83.30644541753092,08121,True,10042,2975,774,0,,,,,,,,,,blocked_components
16104,El Carmen,Ñuble,08118,True,6206,1111,5008,2370,3836,38.1888495004834,08118,True,1854,4352,463,0,,,,,,,,,,blocked_components
16105,Pemuco,Ñuble,08117,True,4202,876,3243,2211,1991,52.617801047120416,08117,True,2120,2082,1223,0,,,,,,,,,,blocked_components
16106,Pinto,Ñuble,08102,True,7655,2866,4774,3762,3893,49.14435009797518,08102,True,3542,4113,965,0,,,,,,,,,,blocked_components
16107,Quillón,Ñuble,08115,True,13483,5240,7523,6590,6893,48.87636282726396,08115,True,6159,7324,1961,0,,,,,,,,,,blocked_components
16108,San Ignacio,Ñuble,08114,True,7989,1113,6620,3735,4254,46.75178370259106,08114,True,3411,4578,1079,0,,,,,,,,,,blocked_components
16109,Yungay,Ñuble,08116,True,10335,2431,7309,5096,5239,49.308176100628934,08116,True,4854,5481,1319,0,,,,,,,,,,blocked_components
16201,Quirihue,Ñuble,08104,True,5622,984,4642,3950,1672,70.25969405905371,08104,True,3839,1783,1353,0,,,,,,,,,,blocked_components
16202,Cobquecura,Ñuble,08107,True,3891,1552,2305,1750,2141,44.975584682600875,08107,True,1647,2244,521,0,,,,,,,,,,blocked_components
16203,Coelemu,Ñuble,08120,True,7085,1181,5638,3660,3425,51.65843330980945,08120,True,3517,3568,2067,0,,,,,,,,,,blocked_components
16204,Ninhue,Ñuble,08105,True,2907,594,2308,997,1910,34.29652562779498,08105,True,943,1964,207,0,,,,,,,,,,blocked_components
16205,Portezuelo,Ñuble,08106,True,2698,641,2045,983,1715,36.43439584877687,08106,True,931,1767,198,0,,,,,,,,,,blocked_components
16206,Ránquil,Ñuble,08119,True,3560,773,2615,1569,1991,44.07303370786517,08119,True,1498,2062,792,0,,,,,,,,,,blocked_components
16207,Trehuaco,Ñuble,,False,3053,658,2336,,,,08108,True,1276,1777,,,,,,,,,,,,missing_source
16301,San Carlos,Ñuble,08109,True,23894,2409,20672,15951,7943,66.75734494015234,08109,True,15459,8435,1243,0,,,,,,,,,,blocked_components
16302,Coihueco,Ñuble,08103,True,12129,1336,10468,5626,6503,46.384697831643166,08103,True,5249,6880,1168,0,,,,,,,,,,blocked_components
16303,Ñiquén,Ñuble,08110,True,6007,984,4920,1222,4785,20.34293324454803,08110,True,1089,4918,587,0,,,,,,,,,,blocked_components
16304,San Fabián,Ñuble,08111,True,3136,1071,2022,1092,2044,34.82142857142857,08111,True,975,2161,235,0,,,,,,,,,,blocked_components
16305,San Nicolás,Ñuble,08112,True,6326,865,5442,2411,3915,38.11255137527664,08112,True,2079,4247,652,0,,,,,,,,,,blocked_components
2101,Antofagasta,Antofagasta,02201,True,139716,7806,134059,117961,21755,84.42912765896533,02201,True,112719,26997,1624,0,,,,,,,,,,blocked_components
2102,Mejillones,Antofagasta,02203,True,5789,659,4740,4356,1433,75.24615650371393,02203,True,4112,1677,60,0,,,,,,,,,,blocked_components
2103,Sierra Gorda,Antofagasta,02206,True,728,221,481,428,300,58.79120879120879,02206,True,430,298,0,0,,,,,,,,,,blocked_components
2104,Taltal,Antofagasta,02202,True,5310,960,4100,3670,1640,69.11487758945385,02202,True,3659,1651,131,0,,,,,,,,,,blocked_components
2201,Calama,Antofagasta,02301,True,60794,5241,56045,45334,15460,74.56985886765142,02301,True,44063,16731,1309,0,,,,,,,,,,blocked_components
2202,Ollagüe,Antofagasta,02302,True,438,346,102,70,368,15.981735159817351,02302,True,70,368,13,0,,,,,,,,,,blocked_components
2203,San Pedro de Atacama,Antofagasta,02303,True,5048,858,3895,1675,3373,33.181458003169574,02303,True,1645,3403,734,0,,,,,,,,,,blocked_components
2301,Tocopilla,Antofagasta,02101,True,11870,2716,8690,8974,2896,75.60235888795282,02101,True,8961,2909,52,0,,,,,,,,,,blocked_components
2302,María Elena,Antofagasta,02103,True,1925,248,1635,94,1831,4.883116883116883,02103,True,93,1832,0,0,,,,,,,,,,blocked_components
3101,Copiapó,Atacama,03201,True,64368,6796,56984,53406,10962,82.96979865771812,03201,True,51439,12929,2711,0,,,,,,,,,,blocked_components
3102,Caldera,Atacama,03202,True,18099,10741,6922,8504,9595,46.986021327145146,03202,True,8407,9692,19,0,,,,,,,,,,blocked_components
3103,Tierra Amarilla,Atacama,03203,True,4627,717,3857,3132,1495,67.68964771990491,03203,True,3124,1503,264,0,,,,,,,,,,blocked_components
3201,Chañaral,Atacama,03101,True,7229,2366,4383,4764,2465,65.90123115230323,03101,True,4744,2485,9,0,,,,,,,,,,blocked_components
3202,Diego de Almagro,Atacama,03102,True,6798,2453,4157,2877,3921,42.32127096204766,03102,True,2881,3917,455,0,,,,,,,,,,blocked_components
3301,Vallenar,Atacama,03301,True,23392,4515,18630,18144,5248,77.56497948016415,03301,True,17553,5839,810,0,,,,,,,,,,blocked_components
3302,Alto del Carmen,Atacama,03304,True,3161,1218,1919,1110,2051,35.11546978804176,03304,True,1091,2070,338,0,,,,,,,,,,blocked_components
3303,Freirina,Atacama,03302,True,4395,1497,2733,2327,2068,52.94653014789534,03302,True,2199,2196,67,0,,,,,,,,,,blocked_components
3304,Huasco,Atacama,03303,True,7358,3086,3472,4160,3198,56.53710247349823,03303,True,3864,3494,63,0,,,,,,,,,,blocked_components
4101,La Serena,Coquimbo,04101,True,109413,21715,86442,101350,8063,92.63067459991044,04101,True,96909,12504,1194,0,,,,,,,,,,blocked_components
4102,Coquimbo,Coquimbo,04103,True,113054,22570,89924,97690,15364,86.41003414297592,04103,True,92874,20180,6211,0,,,,,,,,,,blocked_components
4103,Andacollo,Coquimbo,04104,True,5126,818,4064,3977,1149,77.58486149044089,04104,True,3908,1218,831,0,,,,,,,,,,blocked_components
4104,La Higuera,Coquimbo,04102,True,3214,1384,1626,2230,984,69.38394523957685,04102,True,2187,1027,723,0,,,,,,,,,,blocked_components
4105,Paihuano,Coquimbo,04106,True,2888,812,1862,1896,992,65.65096952908587,04106,True,1828,1060,713,0,,,,,,,,,,blocked_components
4106,Vicuña,Coquimbo,04105,True,12035,1698,9817,9981,2054,82.93311175737432,04105,True,9634,2401,1857,0,,,,,,,,,,blocked_components
4201,Illapel,Coquimbo,04301,True,14196,2087,11573,9596,4600,67.59650605804453,04301,True,9259,4937,4610,0,,,,,,,,,,blocked_components
4202,Canela,Coquimbo,04304,True,5778,1605,3778,3281,2497,56.78435444790585,04304,True,3196,2582,1504,0,,,,,,,,,,blocked_components
4203,Los Vilos,Coquimbo,04303,True,14207,5061,8514,10295,3912,72.46427817273175,04303,True,10078,4129,771,0,,,,,,,,,,blocked_components
4204,Salamanca,Coquimbo,04302,True,12135,1891,10035,8667,3468,71.42150803461062,04302,True,8459,3676,3071,0,,,,,,,,,,blocked_components
4301,Ovalle,Coquimbo,04201,True,49637,6710,42131,39754,9883,80.08944940266333,04201,True,38854,10783,1433,0,,,,,,,,,,blocked_components
4302,Combarbalá,Coquimbo,04205,True,7644,2036,5250,5903,1741,77.22396650968079,04205,True,5826,1818,708,0,,,,,,,,,,blocked_components
4303,Monte Patria,Coquimbo,04203,True,14465,3039,11210,10661,3804,73.70203940546146,04203,True,10553,3912,1763,0,,,,,,,,,,blocked_components
4304,Punitaqui,Coquimbo,04204,True,5889,1244,4461,3407,2482,57.85362540329428,04204,True,3353,2536,435,0,,,,,,,,,,blocked_components
4305,Río Hurtado,Coquimbo,04206,True,2911,1031,1880,1790,1121,61.49089659910683,04206,True,1766,1145,133,0,,,,,,,,,,blocked_components
5101,Valparaíso,Valparaíso,05301,True,131986,16794,108777,99453,32533,75.3511736093222,05301,True,96845,35141,2038,0,,,,,,,,,,blocked_components
5102,Casablanca,Valparaíso,05305,True,13969,2872,10564,9465,4504,67.75717660534039,05305,True,8961,5008,50,0,,,,,,,,,,blocked_components
5103,Concón,Valparaíso,05309,True,26942,7670,18217,24937,2005,92.55808774404277,05309,True,23965,2977,2,0,,,,,,,,,,blocked_components
5104,Juan Fernández,Valparaíso,05308,True,470,74,374,248,222,52.765957446808514,05308,True,244,226,77,0,,,,,,,,,,blocked_components
5105,Puchuncaví,Valparaíso,05307,True,21137,12088,8480,11937,9200,56.47442872687704,05307,True,11432,9705,306,0,,,,,,,,,,blocked_components
5107,Quintero,Valparaíso,05306,True,19653,5950,13028,13736,5917,69.89263725639852,05306,True,13475,6178,419,0,,,,,,,,,,blocked_components
5109,Viña del Mar,Valparaíso,05302,True,163365,29833,131821,139335,24030,85.29060692314755,05302,True,137882,25483,1945,0,,,,,,,,,,blocked_components
5201,Isla de Pascua,Valparaíso,05101,True,3107,747,2069,293,2814,9.430318635339557,05101,True,293,2814,106,0,,,,,,,,,,blocked_components
5301,Los Andes,Valparaíso,05701,True,26010,1763,23060,24804,1206,95.36332179930795,05701,True,24734,1276,739,0,,,,,,,,,,blocked_components
5302,Calle Larga,Valparaíso,05702,True,6201,362,5766,5164,1037,83.27689082406063,05702,True,4953,1248,977,0,,,,,,,,,,blocked_components
5303,Rinconada,Valparaíso,05704,True,4725,605,4043,3943,782,83.44973544973546,05704,True,3549,1176,206,0,,,,,,,,,,blocked_components
5304,San Esteban,Valparaíso,05703,True,8213,1026,7127,6482,1731,78.92365761597468,05703,True,6227,1986,1146,0,,,,,,,,,,blocked_components
5401,La Ligua,Valparaíso,05201,True,24062,9379,14286,11914,12148,49.5137561299975,05201,True,11712,12350,2712,0,,,,,,,,,,blocked_components
5402,Cabildo,Valparaíso,05203,True,7337,604,6777,5186,2151,70.68284039798283,05203,True,5119,2218,555,0,,,,,,,,,,blocked_components
5403,Papudo,Valparaíso,05205,True,8020,5263,2713,6807,1213,84.87531172069825,05205,True,6503,1517,36,0,,,,,,,,,,blocked_components
5404,Petorca,Valparaíso,05202,True,5034,1016,3817,3296,1738,65.47477155343663,05202,True,3234,1800,599,0,,,,,,,,,,blocked_components
5405,Zapallar,Valparaíso,05204,True,8096,5157,2811,6148,1948,75.93873517786561,05204,True,5988,2108,18,0,,,,,,,,,,blocked_components
5501,Quillota,Valparaíso,05501,True,37199,2212,33740,33672,3527,90.51856232694428,05501,True,32542,4657,507,0,,,,,,,,,,blocked_components
5502,Calera,Valparaíso,05504,True,19627,1155,17419,16727,2900,85.22443572629541,05504,True,16170,3457,3595,0,,,,,,,,,,blocked_components
5503,Hijuelas,Valparaíso,05503,True,7374,592,6680,3892,3482,52.78003797125034,05503,True,3761,3613,214,0,,,,,,,,,,blocked_components
5504,La Cruz,Valparaíso,05505,True,9858,927,8580,8477,1381,85.99107324000812,05505,True,7954,1904,42,0,,,,,,,,,,blocked_components
5506,Nogales,Valparaíso,05502,True,8394,516,7525,5709,2685,68.01286633309506,05502,True,5578,2816,533,0,,,,,,,,,,blocked_components
5601,San Antonio,Valparaíso,05401,True,40831,4457,34743,29702,11129,72.74374862237026,05401,True,28965,11866,782,0,,,,,,,,,,blocked_components
5602,Algarrobo,Valparaíso,05406,True,21317,14273,6430,18116,3201,84.98381573392129,05406,True,17459,3858,981,0,,,,,,,,,,blocked_components
5603,Cartagena,Valparaíso,05403,True,18205,8576,9267,10643,7562,58.46196099972535,05403,True,10134,8071,405,0,,,,,,,,,,blocked_components
5604,El Quisco,Valparaíso,05405,True,18694,10241,7696,13670,5024,73.12506686637424,05405,True,13367,5327,1855,0,,,,,,,,,,blocked_components
5605,El Tabo,Valparaíso,05404,True,25126,17546,6765,13781,11345,54.84756825598981,05404,True,13074,12052,6441,0,,,,,,,,,,blocked_components
5606,Santo Domingo,Valparaíso,05402,True,8893,3807,4661,6128,2765,68.90812998987968,05402,True,5795,3098,58,0,,,,,,,,,,blocked_components
5701,San Felipe,Valparaíso,05601,True,31606,1733,29530,27433,4173,86.79681073213946,05601,True,27215,4391,253,0,,,,,,,,,,blocked_components
5702,Catemu,Valparaíso,05603,True,5603,542,4923,4056,1547,72.38979118329466,05603,True,3975,1628,641,0,,,,,,,,,,blocked_components
5703,Llaillay,Valparaíso,05606,True,10434,1090,8913,7503,2931,71.90914318573893,05606,True,7272,3162,513,0,,,,,,,,,,blocked_components
5704,Panquehue,Valparaíso,05602,True,2862,326,2441,1878,984,65.61844863731656,05602,True,1833,1029,7,0,,,,,,,,,,blocked_components
5705,Putaendo,Valparaíso,05604,True,6734,613,6037,4947,1787,73.46302346302346,05604,True,4880,1854,318,0,,,,,,,,,,blocked_components
5706,Santa María,Valparaíso,05605,True,6088,613,5360,5000,1088,82.1287779237845,05605,True,4885,1203,287,0,,,,,,,,,,blocked_components
5801,Quilpué,Valparaíso,05304,True,65971,3737,59451,56409,9562,85.50575252762577,05304,True,55667,10304,1239,0,,,,,,,,,,blocked_components
5802,Limache,Valparaíso,05506,True,24661,3852,19778,16475,8186,66.80588783909818,05506,True,15869,8792,1767,0,,,,,,,,,,blocked_components
5803,Olmué,Valparaíso,05507,True,10529,2645,7449,6429,4100,61.05992971792193,05507,True,5860,4669,554,0,,,,,,,,,,blocked_components
5804,Villa Alemana,Valparaíso,05303,True,55191,3675,49954,50450,4741,91.40983131307641,05303,True,48914,6277,758,0,,,,,,,,,,blocked_components
6101,Rancagua,Libertador General Bernardo O'Higgins,06101,True,100376,6471,92398,95995,4381,95.6354108551845,06101,True,92476,7900,1626,0,,,,,,,,,,blocked_components
6102,Codegua,Libertador General Bernardo O'Higgins,06107,True,5176,403,4654,3111,2065,60.10432766615147,06107,True,3001,2175,569,0,,,,,,,,,,blocked_components
6103,Coinco,Libertador General Bernardo O'Higgins,06116,True,3385,471,2795,1639,1746,48.41949778434269,06116,True,1554,1831,309,0,,,,,,,,,,blocked_components
6104,Coltauco,Libertador General Bernardo O'Higgins,06106,True,8582,910,7549,6034,2548,70.30995106035888,06106,True,5914,2668,1482,0,,,,,,,,,,blocked_components
6105,Doñihue,Libertador General Bernardo O'Higgins,06105,True,8375,537,7699,6023,2352,71.91641791044776,06105,True,5947,2428,1043,0,,,,,,,,,,blocked_components
6106,Graneros,Libertador General Bernardo O'Higgins,06103,True,12959,686,12105,10992,1967,84.82135967281425,06103,True,10642,2317,112,0,,,,,,,,,,blocked_components
6107,Las Cabras,Libertador General Bernardo O'Higgins,06109,True,14752,4702,9823,8233,6519,55.809381778741866,06109,True,7780,6972,456,0,,,,,,,,,,blocked_components
6108,Machalí,Libertador General Bernardo O'Higgins,06102,True,22672,1679,20475,21141,1531,93.24717713479181,06102,True,20430,2242,21,0,,,,,,,,,,blocked_components
6109,Malloa,Libertador General Bernardo O'Higgins,06115,True,5736,761,4932,3394,2342,59.17015341701534,06115,True,3321,2415,782,0,,,,,,,,,,blocked_components
6110,Mostazal,Libertador General Bernardo O'Higgins,06104,True,10133,836,9111,6905,3228,68.14368893713609,06104,True,6748,3385,256,0,,,,,,,,,,blocked_components
6111,Olivar,Libertador General Bernardo O'Higgins,06114,True,5245,371,4708,3120,2125,59.48522402287893,06114,True,2796,2449,468,0,,,,,,,,,,blocked_components
6112,Peumo,Libertador General Bernardo O'Higgins,06108,True,5302,370,4864,4035,1267,76.10335722368917,06108,True,3927,1375,644,0,,,,,,,,,,blocked_components
6113,Pichidegua,Libertador General Bernardo O'Higgins,06111,True,7989,688,7248,5318,2671,66.56652897734385,06111,True,5177,2812,1492,0,,,,,,,,,,blocked_components
6114,Quinta de Tilcoco,Libertador General Bernardo O'Higgins,06117,True,5254,447,4856,4011,1243,76.34183479253902,06117,True,3733,1521,389,0,,,,,,,,,,blocked_components
6115,Rengo,Libertador General Bernardo O'Higgins,06112,True,25124,1568,22338,21757,3367,86.59847158095845,06112,True,20803,4321,160,0,,,,,,,,,,blocked_components
6116,Requínoa,Libertador General Bernardo O'Higgins,06113,True,10490,558,9833,7761,2729,73.98474737845567,06113,True,7313,3177,375,0,,,,,,,,,,blocked_components
6117,San Vicente,Libertador General Bernardo O'Higgins,06110,True,19274,1504,17837,14059,5215,72.94282453045554,06110,True,13542,5732,467,0,,,,,,,,,,blocked_components
6201,Pichilemu,Libertador General Bernardo O'Higgins,06301,True,15001,6773,7738,9699,5302,64.65568962069196,06301,True,8771,6230,306,0,,,,,,,,,,blocked_components
6202,La Estrella,Libertador General Bernardo O'Higgins,06304,True,3676,1861,1812,1107,2569,30.114254624591947,06304,True,943,2733,243,0,,,,,,,,,,blocked_components
6203,Litueche,Libertador General Bernardo O'Higgins,06303,True,5459,1863,3408,1980,3479,36.2703791903279,06303,True,1747,3712,289,0,,,,,,,,,,blocked_components
6204,Marchihue,Libertador General Bernardo O'Higgins,06305,True,5068,1691,3304,2004,3064,39.54222573007103,06305,True,1872,3196,579,0,,,,,,,,,,blocked_components
6205,Navidad,Libertador General Bernardo O'Higgins,06302,True,6597,2922,3674,2064,4533,31.28694861300591,06302,True,1783,4814,358,0,,,,,,,,,,blocked_components
6206,Paredones,Libertador General Bernardo O'Higgins,06306,True,5686,2718,2857,1904,3782,33.485754484699264,06306,True,1730,3956,919,0,,,,,,,,,,blocked_components
6301,San Fernando,Libertador General Bernardo O'Higgins,06201,True,31410,2946,27300,28289,3121,90.06367398917543,06201,True,27307,4103,198,0,,,,,,,,,,blocked_components
6302,Chépica,Libertador General Bernardo O'Higgins,06209,True,5961,493,5531,4698,1263,78.81227981882235,06209,True,4607,1354,1577,0,,,,,,,,,,blocked_components
6303,Chimbarongo,Libertador General Bernardo O'Higgins,06202,True,14247,873,13277,9879,4368,69.3409138766056,06202,True,9621,4626,3379,0,,,,,,,,,,blocked_components
6304,Lolol,Libertador General Bernardo O'Higgins,06206,True,3718,822,2897,1855,1863,49.892415277030665,06206,True,1755,1963,930,0,,,,,,,,,,blocked_components
6305,Nancagua,Libertador General Bernardo O'Higgins,06203,True,7106,595,6517,5593,1513,78.70813397129187,06203,True,5508,1598,1381,0,,,,,,,,,,blocked_components
6306,Palmilla,Libertador General Bernardo O'Higgins,06207,True,5130,583,4453,3202,1928,62.41715399610136,06207,True,3116,2014,1545,0,,,,,,,,,,blocked_components
6307,Peralillo,Libertador General Bernardo O'Higgins,06208,True,5158,677,4485,3346,1812,64.87010469174099,06208,True,3201,1957,1117,0,,,,,,,,,,blocked_components
6308,Placilla,Libertador General Bernardo O'Higgins,06204,True,3758,334,3287,2103,1655,55.96061734965407,06204,True,1998,1760,342,0,,,,,,,,,,blocked_components
6309,Pumanque,Libertador General Bernardo O'Higgins,06214,True,2567,703,1777,891,1676,34.709777950915466,06214,True,834,1733,554,0,,,,,,,,,,blocked_components
6310,Santa Cruz,Libertador General Bernardo O'Higgins,06205,True,16443,1416,14830,13562,2881,82.47886638691236,06205,True,13368,3075,648,0,,,,,,,,,,blocked_components
7101,Talca,Maule,07201,True,95336,9791,84927,95449,-113,100.11852815305866,07201,True,91492,3844,174,0,,,,,,,,,,blocked_components
7102,Constitución,Maule,07208,True,23400,5008,17554,15980,7420,68.2905982905983,07208,True,15791,7609,193,0,,,,,,,,,,blocked_components
7103,Curepto,Maule,07207,True,5196,1384,3788,2671,2525,51.40492686682063,07207,True,2596,2600,322,0,,,,,,,,,,blocked_components
7104,Empedrado,Maule,07209,True,1891,407,1463,1035,856,54.732945531464836,07209,True,982,909,74,0,,,,,,,,,,blocked_components
7105,Maule,Maule,07206,True,23288,2070,20399,20159,3129,86.56389556853316,07206,True,19068,4220,306,0,,,,,,,,,,blocked_components
7106,Pelarco,Maule,07203,True,4073,671,3247,1940,2133,47.63073901301252,07203,True,1846,2227,31,0,,,,,,,,,,blocked_components
7107,Pencahue,Maule,07205,True,4680,1131,3421,2573,2107,54.97863247863248,07205,True,1927,2753,250,0,,,,,,,,,,blocked_components
7108,Río Claro,Maule,07204,True,6277,852,5130,3570,2707,56.87430301099251,07204,True,3486,2791,102,0,,,,,,,,,,blocked_components
7109,San Clemente,Maule,07202,True,22304,5258,16654,12832,9472,57.53228120516499,07202,True,12292,10012,173,0,,,,,,,,,,blocked_components
7110,San Rafael,Maule,07210,True,4786,786,3923,2689,2097,56.18470539072294,07210,True,2620,2166,41,0,,,,,,,,,,blocked_components
7201,Cauquenes,Maule,07401,True,20228,3158,16190,16473,3755,81.43662250346055,07401,True,15605,4623,831,0,,,,,,,,,,blocked_components
7202,Chanco,Maule,07403,True,4441,951,3485,1955,2486,44.02161675298356,07403,True,1849,2592,388,0,,,,,,,,,,blocked_components
7203,Pelluhue,Maule,07402,True,7739,3839,3484,3826,3913,49.43791187491924,07402,True,3661,4078,971,0,,,,,,,,,,blocked_components
7301,Curicó,Maule,07101,True,62193,4818,57321,57409,4784,92.30781599215345,07101,True,56406,5787,73,0,,,,,,,,,,blocked_components
7302,Hualañé,Maule,07107,True,5196,950,4066,3272,1924,62.971516551193226,07107,True,3185,2011,168,0,,,,,,,,,,blocked_components
7303,Licantén,Maule,07105,True,4498,1828,2666,2590,1908,57.5811471765229,07105,True,2520,1978,210,0,,,,,,,,,,blocked_components
7304,Molina,Maule,07108,True,18966,1427,17300,16504,2462,87.01887588315934,07108,True,15851,3115,14,0,,,,,,,,,,blocked_components
7305,Rauco,Maule,07104,True,4783,619,4072,3164,1619,66.15095128580388,07104,True,2980,1803,204,0,,,,,,,,,,blocked_components
7306,Romeral,Maule,07103,True,7230,932,6113,4575,2655,63.27800829875519,07103,True,4420,2810,75,0,,,,,,,,,,blocked_components
7307,Sagrada Familia,Maule,07109,True,7528,554,6730,4885,2643,64.89107332624867,07109,True,4784,2744,86,0,,,,,,,,,,blocked_components
7308,Teno,Maule,07102,True,12499,1537,10735,7088,5411,56.708536682934636,07102,True,6865,5634,245,0,,,,,,,,,,blocked_components
7309,Vichuquén,Maule,07106,True,4420,2463,1892,2367,2053,53.55203619909502,07106,True,2233,2187,162,0,,,,,,,,,,blocked_components
7401,Linares,Maule,07301,True,41354,4869,35110,34420,6934,83.23257725975722,07301,True,31984,9370,527,0,,,,,,,,,,blocked_components
7402,Colbún,Maule,07303,True,10579,1859,8220,5825,4754,55.06191511485017,07303,True,5545,5034,1635,0,,,,,,,,,,blocked_components
7403,Longaví,Maule,07304,True,14131,1861,11995,5599,8532,39.62210742339537,07304,True,5193,8938,702,0,,,,,,,,,,blocked_components
7404,Parral,Maule,07305,True,20781,3202,17034,15021,5760,72.28237332178432,07305,True,14408,6373,1566,0,,,,,,,,,,blocked_components
7405,Retiro,Maule,07306,True,10148,1641,8218,4521,5627,44.55065037445802,07306,True,4310,5838,443,0,,,,,,,,,,blocked_components
7406,San Javier,Maule,07310,True,22226,3335,18058,17484,4742,78.66462701340772,07310,True,16736,5490,809,0,,,,,,,,,,blocked_components
7407,Villa Alegre,Maule,07309,True,8164,1124,6674,5936,2228,72.7094561489466,07309,True,5603,2561,683,0,,,,,,,,,,blocked_components
7408,Yerbas Buenas,Maule,07302,True,8086,753,7095,4006,4080,49.5424189957952,07302,True,3592,4494,804,0,,,,,,,,,,blocked_components
8101,Concepción,Biobío,08201,True,101138,10555,91718,91142,9996,90.11647451996282,08201,True,87373,13765,858,0,,,,,,,,,,blocked_components
8102,Coronel,Biobío,08207,True,45727,3673,41885,44518,1209,97.35604784919194,08207,True,43403,2324,3065,0,,,,,,,,,,blocked_components
8103,Chiguayante,Biobío,08211,True,30649,1127,29370,28102,2547,91.68977780677999,08211,True,27552,3097,195,0,,,,,,,,,,blocked_components
8104,Florida,Biobío,08204,True,6744,1792,4952,2668,4076,39.56109134045077,08204,True,2465,4279,106,0,,,,,,,,,,blocked_components
8105,Hualqui,Biobío,08203,True,10872,1705,8815,7476,3396,68.76379690949227,08203,True,7288,3584,420,0,,,,,,,,,,blocked_components
8106,Lota,Biobío,08208,True,15964,2120,13805,13113,2851,82.14106740165371,08208,True,12423,3541,1249,0,,,,,,,,,,blocked_components
8107,Penco,Biobío,08202,True,17558,638,16829,14413,3145,82.08793712267912,08202,True,14135,3423,121,0,,,,,,,,,,blocked_components
8108,San Pedro de La paz,Biobío,08210,True,56843,2141,52274,55366,1477,97.4016149745791,08210,True,54063,2780,21,0,,,,,,,,,,blocked_components
8109,Santa Juana,Biobío,08209,True,7531,1847,5602,4321,3210,57.3761784623556,08209,True,4161,3370,113,0,,,,,,,,,,blocked_components
8110,Talcahuano,Biobío,08206,True,53783,3018,50931,46120,7663,85.75200342115538,08206,True,45511,8272,177,0,,,,,,,,,,blocked_components
8111,Tomé,Biobío,08205,True,25096,4152,20717,19270,5826,76.78514504303475,08205,True,18723,6373,1327,0,,,,,,,,,,blocked_components
8112,Hualpén,Biobío,08212,True,32270,1267,30590,31300,970,96.99411217849396,08212,True,31109,1161,782,0,,,,,,,,,,blocked_components
8201,Lebu,Biobío,08303,True,10229,1427,8777,7866,2363,76.89901261120345,08303,True,7760,2469,966,0,,,,,,,,,,blocked_components
8202,Arauco,Biobío,08301,True,15163,1972,13185,10831,4332,71.43045571456835,08301,True,10728,4435,1666,0,,,,,,,,,,blocked_components
8203,Cañete,Biobío,08305,True,14497,1937,12530,7345,7152,50.66565496309581,08305,True,7221,7276,924,0,,,,,,,,,,blocked_components
8204,Contulmo,Biobío,08306,True,2990,678,2288,1189,1801,39.76588628762542,08306,True,1129,1861,10,0,,,,,,,,,,blocked_components
8205,Curanilahue,Biobío,08302,True,13197,1844,11095,9272,3925,70.25839205880125,08302,True,9161,4036,1323,0,,,,,,,,,,blocked_components
8206,Los Álamos,Biobío,08304,True,9305,1128,7985,6103,3202,65.58839333691564,08304,True,5815,3490,750,0,,,,,,,,,,blocked_components
8207,Tirúa,Biobío,08307,True,4894,1277,3607,1437,3457,29.362484675112384,08307,True,1413,3481,78,0,,,,,,,,,,blocked_components
8301,Los Ángeles,Biobío,08401,True,93016,12551,78445,65581,27435,70.50507439580288,08401,True,62698,30318,754,0,,,,,,,,,,blocked_components
8302,Antuco,Biobío,08413,True,2671,936,1722,1314,1357,49.19505803070011,08413,True,1269,1402,360,0,,,,,,,,,,blocked_components
8303,Cabrero,Biobío,08410,True,13268,1860,11389,8433,4835,63.55893880012059,08410,True,8239,5029,867,0,,,,,,,,,,blocked_components
8304,Laja,Biobío,08403,True,10088,1519,8562,6267,3821,62.123314829500394,08403,True,6140,3948,832,0,,,,,,,,,,blocked_components
8305,Mulchén,Biobío,08407,True,11587,1500,10163,7473,4114,64.49469232760853,08407,True,7352,4235,537,0,,,,,,,,,,blocked_components
8306,Nacimiento,Biobío,08405,True,11086,1752,9231,8095,2991,73.020025257081,08405,True,7359,3727,590,0,,,,,,,,,,blocked_components
8307,Negrete,Biobío,08406,True,4421,614,3762,2478,1943,56.050667269848454,08406,True,2268,2153,233,0,,,,,,,,,,blocked_components
8308,Quilaco,Biobío,08408,True,2448,705,1727,992,1456,40.52287581699346,08408,True,930,1518,283,0,,,,,,,,,,blocked_components
8309,Quilleco,Biobío,08404,True,4500,851,3582,2020,2480,44.888888888888886,08404,True,1992,2508,524,0,,,,,,,,,,blocked_components
8310,San Rosendo,Biobío,08411,True,1866,553,1322,938,928,50.267952840300104,08411,True,940,926,65,0,,,,,,,,,,blocked_components
8311,Santa Bárbara,Biobío,08402,True,6392,1013,5215,3323,3069,51.98685857321652,08402,True,2982,3410,133,0,,,,,,,,,,blocked_components
8312,Tucapel,Biobío,08412,True,7789,1383,6176,6147,1642,78.91898831685711,08412,True,5922,1867,1311,0,,,,,,,,,,blocked_components
8313,Yumbel,Biobío,08409,True,14108,5052,8890,6290,7818,44.584632832435496,08409,True,5898,8210,369,0,,,,,,,,,,blocked_components
8314,Alto Biobío,Biobío,08414,True,2775,691,2029,255,2520,9.18918918918919,08414,True,241,2534,65,0,,,,,,,,,,blocked_components
9101,Temuco,La Araucanía,09201,True,128995,16172,110496,110572,18423,85.71805108725144,09201,True,106645,22350,514,0,,,,,,,,,,blocked_components
9102,Carahue,La Araucanía,09209,True,11653,2180,9090,5114,6539,43.8856946709002,09209,True,5061,6592,67,0,,,,,,,,,,blocked_components
9103,Cunco,La Araucanía,09204,True,10533,2604,7324,5091,5442,48.33380803189974,09204,True,4669,5864,97,0,,,,,,,,,,blocked_components
9104,Curarrehue,La Araucanía,09218,True,4431,1118,2906,896,3535,20.221169036334913,09218,True,837,3594,10,0,,,,,,,,,,blocked_components
9105,Freire,La Araucanía,09203,True,12594,2215,9721,3460,9134,27.473400031761155,09203,True,3337,9257,43,0,,,,,,,,,,blocked_components
9106,Galvarino,La Araucanía,09207,True,5475,702,4515,1646,3829,30.06392694063927,09207,True,1618,3857,20,0,,,,,,,,,,blocked_components
9107,Gorbea,La Araucanía,09212,True,6698,914,5583,4201,2497,62.72021498954912,09212,True,4097,2601,43,0,,,,,,,,,,blocked_components
9108,Lautaro,La Araucanía,09205,True,18213,2045,14817,11948,6265,65.60149343875254,09205,True,11375,6838,40,0,,,,,,,,,,blocked_components
9109,Loncoche,La Araucanía,09214,True,12370,2077,9568,7087,5283,57.291835084882784,09214,True,6734,5636,48,0,,,,,,,,,,blocked_components
9110,Melipeuco,La Araucanía,09217,True,3606,820,2624,1081,2525,29.97781475318913,09217,True,1039,2567,48,0,,,,,,,,,,blocked_components
9111,Nueva Imperial,La Araucanía,09208,True,14834,2093,12109,6473,8361,43.636241067817174,09208,True,6364,8470,87,0,,,,,,,,,,blocked_components
9112,Padre Las Casas,La Araucanía,09220,True,32146,3238,27708,17763,14383,55.25726373421266,09220,True,17330,14816,39,0,,,,,,,,,,blocked_components
9113,Perquenco,La Araucanía,09206,True,3345,492,2742,1458,1887,43.587443946188344,09206,True,1413,1932,14,0,,,,,,,,,,blocked_components
9114,Pitrufquén,La Araucanía,09211,True,13094,1964,10252,7542,5552,57.598900259660915,09211,True,7159,5935,54,0,,,,,,,,,,blocked_components
9115,Pucón,La Araucanía,09216,True,28756,15279,12548,15041,13715,52.30560578661844,09216,True,14268,14488,231,0,,,,,,,,,,blocked_components
9116,Saavedra,La Araucanía,09210,True,6753,1625,4926,1408,5345,20.84999259588331,09210,True,1375,5378,36,0,,,,,,,,,,blocked_components
9117,Teodoro Schmidt,La Araucanía,09219,True,8005,1672,6048,2547,5458,31.817613991255467,09219,True,2472,5533,45,0,,,,,,,,,,blocked_components
9118,Toltén,La Araucanía,09213,True,4951,1040,3857,1864,3087,37.648959806099775,09213,True,1775,3176,86,0,,,,,,,,,,blocked_components
9119,Vilcún,La Araucanía,09202,True,13920,2139,11229,7491,6429,53.814655172413794,09202,True,7213,6707,27,0,,,,,,,,,,blocked_components
9120,Villarrica,La Araucanía,09215,True,43213,15085,25155,23141,20072,53.55101474093444,09215,True,20980,22233,40,0,,,,,,,,,,blocked_components
9121,Cholchol,La Araucanía,09221,True,5268,598,4549,1727,3541,32.782839787395595,09221,True,1526,3742,44,0,,,,,,,,,,blocked_components
9201,Angol,La Araucanía,09101,True,22085,1623,19220,19299,2786,87.3851030110935,09101,True,17917,4168,450,0,,,,,,,,,,blocked_components
9202,Collipulli,La Araucanía,09105,True,10454,1066,8764,6634,3820,63.45896307633442,09105,True,6563,3891,275,0,,,,,,,,,,blocked_components
9203,Curacautín,La Araucanía,09110,True,9916,2389,7102,6246,3670,62.989108511496575,09110,True,5873,4043,422,0,,,,,,,,,,blocked_components
9204,Ercilla,La Araucanía,09106,True,3782,599,2787,1606,2176,42.46430460074035,09106,True,1582,2200,95,0,,,,,,,,,,blocked_components
9205,Lonquimay,La Araucanía,09111,True,5651,1660,3763,1614,4037,28.561316581136083,09111,True,1552,4099,433,0,,,,,,,,,,blocked_components
9206,Los Sauces,La Araucanía,09103,True,3369,581,2716,1880,1489,55.802908875037105,09103,True,1841,1528,65,0,,,,,,,,,,blocked_components
9207,Lumaco,La Araucanía,09108,True,4214,649,3401,1583,2631,37.565258661604176,09108,True,1554,2660,159,0,,,,,,,,,,blocked_components
9208,Purén,La Araucanía,09102,True,5298,673,4515,3119,2179,58.87127217818045,09102,True,3099,2199,227,0,,,,,,,,,,blocked_components
9209,Renaico,La Araucanía,09104,True,4516,453,3834,3354,1162,74.26926483613818,09104,True,3219,1297,155,0,,,,,,,,,,blocked_components
9210,Traiguén,La Araucanía,09107,True,8371,861,7026,5785,2586,69.10763349659538,09107,True,5731,2640,403,0,,,,,,,,,,blocked_components
9211,Victoria,La Araucanía,09109,True,14449,1337,12465,10011,4438,69.28507163125475,09109,True,9700,4749,474,0,,,,,,,,,,blocked_components
