series,territory_code,destination,roles
A,1101,B,1
A,1401,B,1
A,1405,A,7
A,1405,B,3
A,2201,A,12
A,2201,B,5
A,2203,A,17
A,2203,B,2
A,3101,A,2
A,3304,A,2
A,4102,A,4
A,4103,A,1
A,4106,A,1
A,4201,A,1
A,4202,A,1
A,4203,A,1
A,4204,A,1
A,4301,A,3
A,4301,B,1
A,4303,A,5
A,4305,A,7
A,5102,A,1
A,5102,B,2
A,5105,A,1
A,5109,A,1
A,5109,B,1
A,5301,B,1
A,5302,B,3
A,5303,A,1
A,5304,B,1
A,5401,A,2
A,5401,B,4
A,5402,A,1
A,5404,A,3
A,5501,A,2
A,5501,B,2
A,5503,A,2
A,5503,B,8
A,5504,A,4
A,5504,B,6
A,5506,A,2
A,5601,B,2
A,5602,A,1
A,5603,B,1
A,5606,B,1
A,5701,A,1
A,5702,B,1
A,5705,B,1
A,5801,B,6
A,5802,B,2
A,5803,A,6
A,5803,B,1
A,5804,A,1
A,6101,A,2
A,6101,B,4
A,6102,A,2
A,6103,A,3
A,6104,A,18
A,6106,A,3
A,6107,A,47
A,6107,B,1
A,6108,A,1
A,6108,B,1
A,6109,A,3
A,6110,A,3
A,6110,B,5
A,6111,A,3
A,6111,B,1
A,6113,A,7
A,6114,B,1
A,6115,A,2
A,6116,A,1
A,6117,A,5
A,6205,A,1
A,6301,A,1
A,6301,B,2
A,6305,B,1
A,6306,A,1
A,6307,B,1
A,7102,A,4
A,7103,A,5
A,7105,A,3
A,7106,A,2
A,7107,A,2
A,7108,A,3
A,7108,B,1
A,7109,A,10
A,7201,A,8
A,7202,A,8
A,7203,A,17
A,7301,A,1
A,7302,A,2
A,7304,A,3
A,7308,A,1
A,7309,A,1
A,7401,A,9
A,7404,A,1
A,7406,A,3
A,7407,A,2
A,7408,A,1
A,8102,A,2
A,8103,A,1
A,8104,A,47
A,8105,A,4
A,8107,A,3
A,8109,A,13
A,8111,A,4
A,8112,A,1
A,8202,A,20
A,8203,A,36
A,8204,A,30
A,8206,A,1
A,8301,A,3
A,8303,A,1
A,8304,A,1
A,8313,A,3
A,9101,A,4
A,9101,B,2
A,9103,A,3
A,9103,B,1
A,9105,A,3
A,9107,A,2
A,9108,B,1
A,9109,A,2
A,9110,B,2
A,9112,A,1
A,9112,B,3
A,9114,A,2
A,9115,A,3
A,9115,B,3
A,9117,A,4
A,9119,A,8
A,9119,B,1
A,9120,A,4
A,9120,B,5
A,9201,A,23
A,9203,A,2
A,9203,B,3
A,9208,A,2
A,9209,A,1
A,9211,A,2
A,10101,A,5
A,10102,A,5
A,10103,A,1
A,10105,B,1
A,10109,A,1
A,10109,B,3
A,10201,A,1
A,10202,A,6
A,10203,A,1
A,10205,A,2
A,10209,A,1
A,10210,A,1
A,10301,A,2
A,10301,B,1
A,10302,B,1
A,10306,B,1
A,10401,A,2
A,11101,A,2
A,11101,B,3
A,11201,A,3
A,11201,B,1
A,11202,B,1
A,11401,A,3
A,11402,A,2
A,12101,A,4
A,12102,B,1
A,12103,B,1
A,12104,B,1
A,12301,B,1
A,12401,A,1
A,12401,B,8
A,13107,B,1
A,13114,B,1
A,13115,B,1
A,13124,B,1
A,13125,A,1
A,13128,B,1
A,13202,B,5
A,13301,A,15
A,13301,B,1
A,13302,A,7
A,13302,B,1
A,13303,A,3
A,13401,A,1
A,13401,B,3
A,13402,A,3
A,13402,B,3
A,13403,A,1
A,13403,B,5
A,13404,A,4
A,13404,B,13
A,13501,A,7
A,13501,B,32
A,13503,A,4
A,13503,B,1
A,13504,A,1
A,13504,B,1
A,13505,A,17
A,13505,B,1
A,13601,A,1
A,13601,B,2
A,13602,B,1
A,13603,A,1
A,13605,A,1
A,13605,B,3
A,14101,A,11
A,14103,A,12
A,14104,A,7
A,14104,B,4
A,14105,A,14
A,14106,A,1
A,14107,A,30
A,14108,A,2
A,14108,B,1
A,14201,A,6
A,14201,B,2
A,14203,A,2
A,14203,B,3
A,14204,A,2
A,15101,A,6
A,15101,B,1
A,16101,A,2
A,16102,A,1
A,16102,B,2
A,16104,A,1
A,16108,A,4
A,16204,A,1
A,16302,B,1
N,1101,C,852
N,1101,D,14
N,1101,E,18
N,1101,G,58
N,1101,I,19
N,1101,L,147
N,1101,M,2
N,1101,O,74
N,1101,P,11
N,1101,Q,24
N,1101,S,5
N,1101,T,5
N,1101,V,101
N,1101,Z,15
N,1107,C,140
N,1107,E,2
N,1107,G,2
N,1107,I,16
N,1107,L,24
N,1107,O,1
N,1107,P,1
N,1107,Q,7
N,1107,S,1
N,1107,T,1
N,1107,V,102
N,1107,Z,2
N,1401,C,64
N,1401,D,1
N,1401,E,5
N,1401,G,12
N,1401,I,4
N,1401,L,1
N,1401,M,4
N,1401,O,6
N,1401,P,3
N,1401,Q,2
N,1401,S,2
N,1401,V,25
N,1402,C,1
N,1402,E,8
N,1402,P,2
N,1402,Q,1
N,1403,E,4
N,1403,Q,1
N,1404,C,6
N,1404,E,4
N,1404,G,2
N,1404,I,1
N,1404,L,1
N,1404,Q,2
N,1404,V,5
N,1405,C,26
N,1405,D,1
N,1405,G,13
N,1405,M,3
N,1405,O,2
N,1405,P,1
N,1405,S,1
N,1405,V,12
N,2101,C,900
N,2101,D,6
N,2101,E,26
N,2101,G,25
N,2101,I,58
N,2101,L,40
N,2101,M,6
N,2101,O,72
N,2101,P,9
N,2101,Q,31
N,2101,S,6
N,2101,T,8
N,2101,V,71
N,2101,Z,41
N,2102,C,31
N,2102,D,1
N,2102,G,3
N,2102,I,2
N,2102,M,1
N,2102,O,2
N,2102,P,4
N,2102,Q,2
N,2102,T,2
N,2102,V,4
N,2103,C,5
N,2103,E,1
N,2103,G,1
N,2103,I,1
N,2103,M,6
N,2103,P,3
N,2103,Q,1
N,2103,T,1
N,2103,V,3
N,2104,C,43
N,2104,E,2
N,2104,G,1
N,2104,I,4
N,2104,L,1
N,2104,M,1
N,2104,O,4
N,2104,P,1
N,2104,Q,1
N,2104,T,1
N,2104,V,6
N,2201,C,464
N,2201,D,9
N,2201,E,14
N,2201,G,28
N,2201,I,18
N,2201,L,32
N,2201,M,2
N,2201,O,47
N,2201,P,3
N,2201,Q,17
N,2201,S,3
N,2201,T,2
N,2201,V,31
N,2201,Z,11
N,2202,M,1
N,2202,T,1
N,2202,V,1
N,2203,C,47
N,2203,E,1
N,2203,G,65
N,2203,M,3
N,2203,O,1
N,2203,P,2
N,2203,S,2
N,2203,V,3
N,2301,C,70
N,2301,D,2
N,2301,E,2
N,2301,G,1
N,2301,M,1
N,2301,O,9
N,2301,P,3
N,2301,Q,3
N,2301,V,4
N,2302,I,1
N,2302,M,1
N,2302,V,17
N,3101,C,313
N,3101,D,11
N,3101,E,17
N,3101,G,17
N,3101,I,44
N,3101,L,12
N,3101,M,1
N,3101,O,63
N,3101,P,3
N,3101,Q,26
N,3101,S,5
N,3101,T,4
N,3101,V,40
N,3101,Z,8
N,3102,C,89
N,3102,D,1
N,3102,E,2
N,3102,G,7
N,3102,I,15
N,3102,O,6
N,3102,P,2
N,3102,Q,3
N,3102,S,2
N,3102,T,1
N,3102,V,7
N,3103,C,53
N,3103,D,2
N,3103,E,3
N,3103,I,9
N,3103,L,2
N,3103,M,11
N,3103,O,1
N,3103,P,3
N,3103,Q,10
N,3103,V,15
N,3201,C,106
N,3201,D,1
N,3201,G,1
N,3201,I,6
N,3201,L,1
N,3201,O,7
N,3201,P,1
N,3201,Q,8
N,3201,T,3
N,3201,V,11
N,3202,C,134
N,3202,D,2
N,3202,E,3
N,3202,G,3
N,3202,I,10
N,3202,L,2
N,3202,M,2
N,3202,O,10
N,3202,P,1
N,3202,Q,9
N,3202,S,2
N,3202,T,5
N,3202,V,21
N,3301,C,233
N,3301,D,2
N,3301,E,9
N,3301,G,6
N,3301,I,13
N,3301,L,12
N,3301,M,1
N,3301,O,18
N,3301,Q,16
N,3301,S,2
N,3301,T,4
N,3301,V,11
N,3301,Z,3
N,3302,C,3
N,3302,E,8
N,3302,I,1
N,3302,M,1
N,3302,O,1
N,3302,P,1
N,3302,Q,1
N,3302,V,2
N,3303,C,23
N,3303,E,2
N,3303,I,3
N,3303,L,1
N,3303,M,1
N,3303,O,4
N,3303,Q,3
N,3303,V,2
N,3304,C,39
N,3304,D,1
N,3304,E,3
N,3304,G,3
N,3304,I,1
N,3304,L,1
N,3304,O,2
N,3304,Q,4
N,3304,T,2
N,3304,V,14
N,3304,Z,1
N,4101,C,408
N,4101,D,2
N,4101,E,48
N,4101,G,23
N,4101,I,13
N,4101,L,99
N,4101,O,90
N,4101,P,5
N,4101,Q,25
N,4101,S,12
N,4101,T,3
N,4101,V,73
N,4101,Z,4
N,4102,C,359
N,4102,D,2
N,4102,E,21
N,4102,G,22
N,4102,I,31
N,4102,L,161
N,4102,O,33
N,4102,P,3
N,4102,Q,14
N,4102,S,4
N,4102,T,3
N,4102,V,98
N,4102,Z,2
N,4103,C,43
N,4103,E,2
N,4103,G,1
N,4103,I,2
N,4103,M,4
N,4103,O,3
N,4103,Q,1
N,4103,S,1
N,4103,T,1
N,4103,V,4
N,4104,C,4
N,4104,E,4
N,4104,G,2
N,4104,I,1
N,4104,V,2
N,4105,C,7
N,4105,G,8
N,4105,I,2
N,4105,L,1
N,4105,Q,1
N,4105,S,1
N,4105,V,11
N,4106,C,34
N,4106,E,3
N,4106,G,10
N,4106,I,6
N,4106,L,5
N,4106,O,5
N,4106,P,1
N,4106,Q,3
N,4106,S,2
N,4106,V,14
N,4106,W,1
N,4201,C,79
N,4201,D,1
N,4201,E,3
N,4201,G,4
N,4201,I,4
N,4201,L,1
N,4201,O,14
N,4201,P,4
N,4201,Q,9
N,4201,V,12
N,4201,Z,1
N,4202,C,9
N,4202,D,1
N,4202,E,4
N,4202,P,1
N,4202,Q,3
N,4202,V,6
N,4203,C,96
N,4203,D,1
N,4203,E,2
N,4203,G,21
N,4203,I,5
N,4203,L,2
N,4203,O,6
N,4203,S,1
N,4203,T,1
N,4203,V,11
N,4204,C,127
N,4204,E,5
N,4204,G,7
N,4204,I,2
N,4204,L,4
N,4204,O,3
N,4204,Q,2
N,4204,T,1
N,4204,V,31
N,4204,Z,1
N,4301,C,227
N,4301,D,2
N,4301,E,13
N,4301,G,4
N,4301,I,9
N,4301,L,8
N,4301,O,12
N,4301,P,3
N,4301,Q,5
N,4301,S,1
N,4301,T,1
N,4301,V,42
N,4301,Z,3
N,4302,C,27
N,4302,E,6
N,4302,G,1
N,4302,I,1
N,4302,L,1
N,4302,O,7
N,4302,P,1
N,4302,Q,4
N,4302,S,3
N,4302,V,5
N,4303,C,21
N,4303,D,1
N,4303,E,7
N,4303,G,4
N,4303,I,7
N,4303,L,3
N,4303,O,4
N,4303,P,1
N,4303,Q,4
N,4303,S,3
N,4303,V,8
N,4304,C,7
N,4304,E,6
N,4304,G,2
N,4304,I,1
N,4304,L,1
N,4304,O,2
N,4304,P,5
N,4304,Q,2
N,4304,V,1
N,4305,C,6
N,4305,E,13
N,4305,G,6
N,4305,I,1
N,4305,M,1
N,4305,O,1
N,4305,S,1
N,4305,V,1
N,5101,C,808
N,5101,D,12
N,5101,E,32
N,5101,G,6
N,5101,I,47
N,5101,L,193
N,5101,O,52
N,5101,P,6
N,5101,Q,40
N,5101,S,4
N,5101,T,14
N,5101,V,49
N,5101,W,1
N,5101,Z,9
N,5102,C,99
N,5102,D,1
N,5102,E,7
N,5102,G,2
N,5102,I,13
N,5102,L,6
N,5102,O,6
N,5102,P,2
N,5102,Q,7
N,5102,S,2
N,5102,T,2
N,5102,V,25
N,5103,C,116
N,5103,D,1
N,5103,E,1
N,5103,G,3
N,5103,I,4
N,5103,L,8
N,5103,O,4
N,5103,P,1
N,5103,Q,6
N,5103,S,1
N,5103,T,1
N,5103,V,14
N,5103,Z,1
N,5104,P,1
N,5104,V,3
N,5105,C,86
N,5105,D,1
N,5105,E,8
N,5105,G,6
N,5105,I,2
N,5105,L,1
N,5105,O,1
N,5105,P,2
N,5105,Q,5
N,5105,T,1
N,5105,V,11
N,5107,C,140
N,5107,D,4
N,5107,E,4
N,5107,G,14
N,5107,I,6
N,5107,L,6
N,5107,O,11
N,5107,P,2
N,5107,Q,6
N,5107,V,8
N,5109,C,464
N,5109,D,15
N,5109,E,39
N,5109,G,13
N,5109,I,33
N,5109,L,58
N,5109,O,49
N,5109,P,5
N,5109,Q,44
N,5109,S,1
N,5109,T,7
N,5109,V,43
N,5109,W,2
N,5109,Z,15
N,5201,C,12
N,5201,E,2
N,5201,G,4
N,5201,L,1
N,5201,P,1
N,5201,Q,1
N,5201,V,1
N,5301,C,222
N,5301,D,3
N,5301,E,9
N,5301,G,6
N,5301,I,10
N,5301,L,4
N,5301,M,1
N,5301,O,25
N,5301,P,3
N,5301,Q,12
N,5301,S,2
N,5301,T,3
N,5301,V,60
N,5301,Z,3
N,5302,C,4
N,5302,D,1
N,5302,E,6
N,5302,O,1
N,5302,P,1
N,5302,Q,2
N,5302,T,2
N,5302,V,9
N,5303,C,11
N,5303,D,1
N,5303,G,1
N,5303,I,1
N,5303,L,1
N,5303,O,2
N,5303,Q,4
N,5303,V,5
N,5304,C,21
N,5304,D,1
N,5304,G,2
N,5304,I,3
N,5304,L,4
N,5304,O,1
N,5304,Q,3
N,5304,S,1
N,5304,V,7
N,5304,Z,1
N,5401,C,180
N,5401,E,6
N,5401,G,4
N,5401,I,15
N,5401,L,4
N,5401,M,2
N,5401,O,4
N,5401,P,3
N,5401,Q,7
N,5401,S,1
N,5401,V,16
N,5401,Z,3
N,5402,C,70
N,5402,E,6
N,5402,G,1
N,5402,I,4
N,5402,L,2
N,5402,M,1
N,5402,O,2
N,5402,P,2
N,5402,Q,4
N,5402,S,1
N,5402,V,5
N,5403,C,38
N,5403,E,1
N,5403,G,1
N,5403,I,2
N,5403,L,30
N,5403,P,1
N,5403,V,1
N,5404,C,21
N,5404,E,2
N,5404,G,2
N,5404,L,1
N,5404,M,1
N,5404,O,1
N,5404,P,3
N,5404,Q,1
N,5404,S,2
N,5404,T,1
N,5404,V,1
N,5405,C,50
N,5405,D,2
N,5405,E,1
N,5405,G,1
N,5405,I,1
N,5405,L,2
N,5405,P,2
N,5405,Q,2
N,5405,S,1
N,5405,V,3
N,5501,C,194
N,5501,D,4
N,5501,E,23
N,5501,G,5
N,5501,I,15
N,5501,L,5
N,5501,O,22
N,5501,P,4
N,5501,Q,18
N,5501,S,2
N,5501,T,1
N,5501,V,21
N,5501,Z,5
N,5502,C,178
N,5502,D,2
N,5502,E,7
N,5502,I,12
N,5502,L,8
N,5502,O,6
N,5502,P,2
N,5502,Q,8
N,5502,S,1
N,5502,V,8
N,5502,Z,1
N,5503,C,36
N,5503,D,1
N,5503,E,7
N,5503,I,7
N,5503,L,4
N,5503,P,1
N,5503,Q,3
N,5503,S,1
N,5503,T,1
N,5503,V,7
N,5504,C,25
N,5504,D,3
N,5504,E,4
N,5504,G,1
N,5504,I,7
N,5504,L,3
N,5504,P,1
N,5504,Q,1
N,5504,V,11
N,5506,C,30
N,5506,D,4
N,5506,E,2
N,5506,I,6
N,5506,L,1
N,5506,O,3
N,5506,P,3
N,5506,Q,5
N,5506,V,9
N,5601,C,369
N,5601,D,3
N,5601,E,28
N,5601,G,9
N,5601,I,13
N,5601,L,158
N,5601,O,42
N,5601,P,5
N,5601,Q,11
N,5601,S,4
N,5601,V,35
N,5601,Z,1
N,5602,C,89
N,5602,D,3
N,5602,G,4
N,5602,I,1
N,5602,L,8
N,5602,O,2
N,5602,P,1
N,5602,Q,2
N,5602,V,7
N,5602,Z,1
N,5603,C,160
N,5603,D,1
N,5603,E,3
N,5603,G,20
N,5603,I,2
N,5603,L,3
N,5603,O,1
N,5603,P,1
N,5603,Q,5
N,5603,T,2
N,5603,V,10
N,5604,C,117
N,5604,D,3
N,5604,E,2
N,5604,G,21
N,5604,L,3
N,5604,O,2
N,5604,P,1
N,5604,Q,3
N,5604,V,5
N,5605,C,46
N,5605,D,5
N,5605,E,7
N,5605,G,10
N,5605,L,22
N,5605,O,1
N,5605,P,1
N,5605,Q,6
N,5605,S,2
N,5605,V,6
N,5605,W,3
N,5606,C,12
N,5606,D,2
N,5606,E,1
N,5606,I,3
N,5606,L,1
N,5606,P,1
N,5606,Q,1
N,5606,V,3
N,5701,C,171
N,5701,D,2
N,5701,E,14
N,5701,G,2
N,5701,I,18
N,5701,L,8
N,5701,M,1
N,5701,O,14
N,5701,P,1
N,5701,Q,10
N,5701,S,3
N,5701,T,6
N,5701,V,24
N,5701,Z,3
N,5702,C,21
N,5702,D,1
N,5702,E,5
N,5702,I,3
N,5702,L,2
N,5702,M,1
N,5702,O,1
N,5702,Q,1
N,5702,T,1
N,5702,V,1
N,5703,C,61
N,5703,D,2
N,5703,E,6
N,5703,I,6
N,5703,L,3
N,5703,O,2
N,5703,P,2
N,5703,Q,6
N,5703,S,1
N,5703,T,2
N,5703,V,8
N,5704,C,7
N,5704,E,1
N,5704,I,1
N,5704,Q,1
N,5704,T,1
N,5704,V,10
N,5705,C,20
N,5705,D,1
N,5705,E,1
N,5705,G,1
N,5705,I,3
N,5705,L,1
N,5705,O,1
N,5705,P,3
N,5705,Q,2
N,5705,S,2
N,5705,V,14
N,5706,C,17
N,5706,E,3
N,5706,G,1
N,5706,I,4
N,5706,L,1
N,5706,Q,5
N,5706,T,1
N,5706,V,2
N,5801,C,237
N,5801,D,5
N,5801,E,31
N,5801,G,1
N,5801,I,31
N,5801,L,159
N,5801,O,21
N,5801,P,1
N,5801,Q,18
N,5801,S,3
N,5801,T,2
N,5801,V,22
N,5801,W,1
N,5802,C,139
N,5802,D,5
N,5802,E,14
N,5802,G,1
N,5802,I,6
N,5802,L,6
N,5802,O,11
N,5802,P,2
N,5802,Q,5
N,5802,S,1
N,5802,T,1
N,5802,V,20
N,5803,C,41
N,5803,D,2
N,5803,E,2
N,5803,G,15
N,5803,L,5
N,5803,P,1
N,5803,Q,2
N,5803,S,1
N,5803,T,1
N,5803,V,9
N,5804,C,198
N,5804,D,5
N,5804,E,12
N,5804,I,16
N,5804,L,11
N,5804,O,8
N,5804,P,2
N,5804,Q,18
N,5804,S,2
N,5804,T,5
N,5804,V,19
N,5804,Z,1
N,6101,C,742
N,6101,D,10
N,6101,E,35
N,6101,G,4
N,6101,I,36
N,6101,L,28
N,6101,M,2
N,6101,O,95
N,6101,P,4
N,6101,Q,53
N,6101,S,3
N,6101,T,6
N,6101,V,48
N,6101,Z,8
N,6102,C,24
N,6102,D,2
N,6102,E,1
N,6102,I,3
N,6102,L,3
N,6102,O,3
N,6102,P,1
N,6102,Q,4
N,6103,C,9
N,6103,D,2
N,6103,E,2
N,6103,I,2
N,6103,L,1
N,6103,Q,3
N,6103,S,1
N,6104,C,25
N,6104,D,4
N,6104,E,5
N,6104,I,3
N,6104,L,2
N,6104,O,2
N,6104,Q,5
N,6104,S,2
N,6104,V,4
N,6104,Z,1
N,6105,C,41
N,6105,D,4
N,6105,E,4
N,6105,I,3
N,6105,L,2
N,6105,O,4
N,6105,P,2
N,6105,Q,5
N,6105,T,1
N,6105,V,7
N,6106,C,91
N,6106,D,5
N,6106,E,11
N,6106,G,2
N,6106,I,9
N,6106,L,6
N,6106,O,7
N,6106,P,2
N,6106,Q,3
N,6106,T,1
N,6106,V,2
N,6107,C,99
N,6107,D,4
N,6107,E,9
N,6107,L,5
N,6107,O,4
N,6107,P,4
N,6107,Q,8
N,6107,V,14
N,6107,W,1
N,6108,C,78
N,6108,D,8
N,6108,E,4
N,6108,I,4
N,6108,L,5
N,6108,O,6
N,6108,Q,4
N,6108,V,99
N,6108,Z,1
N,6109,C,24
N,6109,E,6
N,6109,I,4
N,6109,L,5
N,6109,O,1
N,6109,P,1
N,6109,Q,6
N,6109,V,5
N,6110,C,76
N,6110,D,6
N,6110,E,11
N,6110,I,5
N,6110,L,3
N,6110,O,2
N,6110,P,1
N,6110,Q,8
N,6110,T,1
N,6110,V,2
N,6111,C,29
N,6111,D,1
N,6111,E,2
N,6111,I,14
N,6111,L,5
N,6111,O,3
N,6111,Q,5
N,6111,V,1
N,6111,Z,2
N,6112,C,31
N,6112,D,1
N,6112,E,4
N,6112,I,2
N,6112,L,6
N,6112,O,2
N,6112,S,1
N,6112,V,2
N,6112,Z,1
N,6113,C,39
N,6113,E,5
N,6113,I,1
N,6113,O,2
N,6113,P,1
N,6113,Q,6
N,6113,S,3
N,6113,V,3
N,6114,C,30
N,6114,D,2
N,6114,E,3
N,6114,I,3
N,6114,L,2
N,6114,O,4
N,6114,Q,3
N,6114,V,2
N,6115,C,172
N,6115,D,3
N,6115,E,13
N,6115,G,3
N,6115,I,12
N,6115,L,7
N,6115,O,12
N,6115,P,1
N,6115,Q,19
N,6115,S,2
N,6115,T,1
N,6115,V,17
N,6116,C,85
N,6116,D,4
N,6116,E,8
N,6116,I,19
N,6116,L,8
N,6116,O,2
N,6116,P,1
N,6116,Q,6
N,6116,T,5
N,6116,V,34
N,6117,C,165
N,6117,D,2
N,6117,E,9
N,6117,G,1
N,6117,I,7
N,6117,L,4
N,6117,O,15
N,6117,Q,9
N,6117,V,7
N,6117,Z,1
N,6201,C,164
N,6201,D,1
N,6201,E,5
N,6201,G,28
N,6201,I,2
N,6201,L,3
N,6201,O,4
N,6201,P,3
N,6201,Q,5
N,6201,T,2
N,6201,V,10
N,6202,C,13
N,6202,E,3
N,6202,I,1
N,6202,O,1
N,6202,S,1
N,6203,C,31
N,6203,E,1
N,6203,I,3
N,6203,L,3
N,6203,M,1
N,6203,O,3
N,6203,Q,3
N,6203,S,2
N,6203,V,82
N,6204,C,29
N,6204,E,6
N,6204,G,2
N,6204,I,3
N,6204,O,2
N,6204,P,1
N,6204,V,2
N,6205,C,28
N,6205,D,1
N,6205,E,10
N,6205,G,2
N,6205,O,2
N,6205,Q,1
N,6205,S,1
N,6205,V,1
N,6206,C,26
N,6206,E,5
N,6206,I,1
N,6206,P,1
N,6206,V,4
N,6301,C,277
N,6301,D,9
N,6301,E,13
N,6301,G,4
N,6301,I,25
N,6301,L,17
N,6301,M,1
N,6301,O,19
N,6301,P,5
N,6301,Q,23
N,6301,S,5
N,6301,T,3
N,6301,V,31
N,6301,Z,5
N,6302,C,20
N,6302,D,1
N,6302,E,5
N,6302,G,1
N,6302,L,2
N,6302,P,1
N,6302,Q,3
N,6302,S,2
N,6302,V,2
N,6303,C,74
N,6303,D,1
N,6303,E,15
N,6303,I,5
N,6303,L,3
N,6303,O,3
N,6303,P,2
N,6303,Q,13
N,6303,V,5
N,6304,C,8
N,6304,E,4
N,6304,G,2
N,6304,I,2
N,6304,L,1
N,6304,S,1
N,6304,V,1
N,6305,C,45
N,6305,D,1
N,6305,E,8
N,6305,I,5
N,6305,L,2
N,6305,O,2
N,6305,P,2
N,6305,Q,3
N,6305,S,1
N,6305,V,6
N,6306,C,14
N,6306,E,3
N,6306,G,2
N,6306,I,1
N,6306,L,1
N,6306,O,2
N,6306,Q,2
N,6306,S,1
N,6306,V,2
N,6307,C,42
N,6307,D,1
N,6307,E,3
N,6307,I,2
N,6307,O,3
N,6307,Q,2
N,6307,S,2
N,6307,V,2
N,6308,C,24
N,6308,D,1
N,6308,E,7
N,6308,I,4
N,6308,T,1
N,6308,V,2
N,6309,C,11
N,6309,D,1
N,6309,E,5
N,6309,L,1
N,6309,O,1
N,6309,P,1
N,6309,Q,1
N,6309,S,1
N,6309,V,2
N,6310,C,156
N,6310,D,2
N,6310,E,11
N,6310,G,3
N,6310,I,4
N,6310,L,9
N,6310,O,9
N,6310,P,4
N,6310,Q,8
N,6310,S,5
N,6310,T,1
N,6310,V,3
N,6310,Z,1
N,7101,C,660
N,7101,D,11
N,7101,E,45
N,7101,G,10
N,7101,I,54
N,7101,L,72
N,7101,O,155
N,7101,P,6
N,7101,Q,52
N,7101,S,5
N,7101,T,4
N,7101,V,55
N,7101,Z,6
N,7102,C,176
N,7102,D,3
N,7102,E,3
N,7102,G,4
N,7102,I,27
N,7102,L,6
N,7102,O,14
N,7102,P,2
N,7102,Q,5
N,7102,S,3
N,7102,T,1
N,7102,V,12
N,7102,Z,1
N,7103,C,11
N,7103,E,4
N,7103,O,3
N,7103,P,2
N,7103,Q,5
N,7103,S,1
N,7103,V,2
N,7104,C,2
N,7104,E,1
N,7104,Q,1
N,7105,C,37
N,7105,D,2
N,7105,E,8
N,7105,G,1
N,7105,I,10
N,7105,O,1
N,7105,P,1
N,7105,Q,10
N,7105,T,1
N,7105,V,8
N,7106,C,5
N,7106,I,1
N,7106,O,2
N,7106,P,1
N,7106,Q,3
N,7106,T,1
N,7106,V,2
N,7107,C,8
N,7107,E,1
N,7107,I,2
N,7107,P,1
N,7107,Q,2
N,7107,S,2
N,7107,V,2
N,7108,C,7
N,7108,E,3
N,7108,I,3
N,7108,Q,1
N,7108,V,4
N,7109,C,63
N,7109,D,1
N,7109,E,12
N,7109,I,4
N,7109,L,2
N,7109,O,3
N,7109,P,3
N,7109,Q,6
N,7109,S,1
N,7109,V,22
N,7110,C,8
N,7110,E,3
N,7110,I,1
N,7110,O,1
N,7110,P,1
N,7110,Q,3
N,7110,V,6
N,7201,C,138
N,7201,D,2
N,7201,E,19
N,7201,I,9
N,7201,L,10
N,7201,O,16
N,7201,P,8
N,7201,Q,6
N,7201,T,1
N,7201,V,5
N,7201,W,1
N,7201,Z,1
N,7202,C,17
N,7202,E,1
N,7202,I,1
N,7202,O,1
N,7202,Q,2
N,7202,V,3
N,7203,C,87
N,7203,E,1
N,7203,G,6
N,7203,L,1
N,7203,O,2
N,7203,P,3
N,7203,Q,3
N,7203,W,2
N,7301,C,367
N,7301,D,4
N,7301,E,14
N,7301,G,5
N,7301,I,62
N,7301,L,41
N,7301,O,46
N,7301,P,6
N,7301,Q,25
N,7301,S,1
N,7301,T,3
N,7301,V,27
N,7301,Z,14
N,7302,C,55
N,7302,I,3
N,7302,L,4
N,7302,O,5
N,7302,P,1
N,7302,Q,3
N,7302,V,1
N,7303,C,48
N,7303,G,13
N,7303,I,2
N,7303,L,2
N,7303,O,4
N,7303,Q,5
N,7303,V,2
N,7304,C,127
N,7304,D,2
N,7304,E,9
N,7304,G,3
N,7304,I,16
N,7304,L,9
N,7304,O,9
N,7304,P,3
N,7304,Q,16
N,7304,S,2
N,7304,T,1
N,7304,V,21
N,7305,C,11
N,7305,D,1
N,7305,E,4
N,7305,G,2
N,7305,I,3
N,7305,L,1
N,7305,O,1
N,7305,Q,2
N,7305,S,1
N,7305,V,2
N,7306,C,26
N,7306,D,1
N,7306,E,6
N,7306,G,1
N,7306,I,21
N,7306,L,9
N,7306,O,2
N,7306,P,3
N,7306,Q,3
N,7306,S,1
N,7306,V,1
N,7307,C,59
N,7307,D,2
N,7307,E,2
N,7307,I,9
N,7307,L,2
N,7307,O,1
N,7307,P,2
N,7307,Q,2
N,7307,S,2
N,7307,V,6
N,7308,C,68
N,7308,E,2
N,7308,I,9
N,7308,L,3
N,7308,O,4
N,7308,P,1
N,7308,Q,4
N,7308,S,2
N,7308,T,1
N,7308,V,3
N,7309,C,18
N,7309,E,2
N,7309,G,6
N,7309,I,1
N,7309,L,2
N,7309,Q,1
N,7309,V,1
N,7309,Z,1
N,7401,C,339
N,7401,D,1
N,7401,E,19
N,7401,G,4
N,7401,I,19
N,7401,L,11
N,7401,O,60
N,7401,P,7
N,7401,Q,31
N,7401,S,9
N,7401,T,2
N,7401,V,32
N,7401,Z,1
N,7402,C,31
N,7402,E,2
N,7402,G,2
N,7402,I,1
N,7402,O,5
N,7402,P,1
N,7402,Q,2
N,7402,S,2
N,7402,V,2
N,7403,C,49
N,7403,E,6
N,7403,I,1
N,7403,L,1
N,7403,O,4
N,7403,Q,7
N,7403,V,5
N,7404,C,171
N,7404,D,3
N,7404,E,12
N,7404,G,1
N,7404,I,11
N,7404,L,7
N,7404,O,16
N,7404,P,1
N,7404,Q,16
N,7404,S,2
N,7404,T,1
N,7404,V,15
N,7404,Z,1
N,7405,C,29
N,7405,E,4
N,7405,I,3
N,7405,L,1
N,7405,O,1
N,7405,P,3
N,7405,Q,4
N,7405,S,1
N,7405,V,4
N,7406,C,137
N,7406,D,1
N,7406,E,6
N,7406,G,2
N,7406,I,8
N,7406,L,7
N,7406,O,5
N,7406,P,2
N,7406,Q,8
N,7406,S,1
N,7406,T,1
N,7406,V,13
N,7406,W,1
N,7407,C,23
N,7407,D,1
N,7407,E,7
N,7407,I,6
N,7407,L,1
N,7407,O,1
N,7407,Q,4
N,7407,S,1
N,7407,V,7
N,7408,C,11
N,7408,G,1
N,7408,I,1
N,7408,O,1
N,7408,P,3
N,7408,Q,5
N,7408,V,6
N,8101,C,896
N,8101,D,2
N,8101,E,29
N,8101,G,13
N,8101,I,90
N,8101,L,37
N,8101,O,176
N,8101,P,3
N,8101,Q,60
N,8101,S,5
N,8101,T,4
N,8101,V,37
N,8101,Z,10
N,8102,C,251
N,8102,D,4
N,8102,E,8
N,8102,I,26
N,8102,L,12
N,8102,O,17
N,8102,P,2
N,8102,Q,24
N,8102,S,2
N,8102,V,35
N,8103,C,141
N,8103,D,4
N,8103,E,6
N,8103,I,12
N,8103,L,11
N,8103,M,1
N,8103,O,4
N,8103,P,1
N,8103,Q,23
N,8103,S,3
N,8103,T,1
N,8103,V,13
N,8103,Z,1
N,8104,C,17
N,8104,E,7
N,8104,L,1
N,8104,Q,2
N,8104,V,3
N,8105,C,36
N,8105,E,4
N,8105,I,4
N,8105,L,2
N,8105,Q,3
N,8105,T,2
N,8105,V,8
N,8106,C,122
N,8106,D,2
N,8106,E,8
N,8106,I,5
N,8106,L,4
N,8106,O,8
N,8106,P,1
N,8106,Q,8
N,8106,S,1
N,8106,T,2
N,8106,V,7
N,8107,C,156
N,8107,E,3
N,8107,I,3
N,8107,L,33
N,8107,O,7
N,8107,Q,12
N,8107,S,2
N,8107,V,8
N,8107,Z,10
N,8108,C,197
N,8108,D,5
N,8108,E,6
N,8108,I,11
N,8108,L,201
N,8108,O,12
N,8108,Q,20
N,8108,S,1
N,8108,V,36
N,8108,Z,1
N,8109,C,40
N,8109,D,1
N,8109,E,4
N,8109,G,3
N,8109,I,2
N,8109,L,2
N,8109,O,5
N,8109,P,2
N,8109,Q,3
N,8109,S,1
N,8109,V,4
N,8110,C,477
N,8110,D,9
N,8110,E,9
N,8110,G,1
N,8110,I,25
N,8110,L,22
N,8110,O,47
N,8110,P,1
N,8110,Q,28
N,8110,T,4
N,8110,V,56
N,8110,W,1
N,8110,Z,3
N,8111,C,172
N,8111,D,1
N,8111,E,12
N,8111,G,7
N,8111,I,5
N,8111,L,15
N,8111,O,10
N,8111,P,2
N,8111,Q,16
N,8111,S,3
N,8111,T,1
N,8111,V,21
N,8112,C,189
N,8112,D,1
N,8112,E,9
N,8112,I,7
N,8112,L,2
N,8112,O,2
N,8112,Q,23
N,8112,S,2
N,8112,V,3
N,8201,C,83
N,8201,D,1
N,8201,E,1
N,8201,I,3
N,8201,L,3
N,8201,O,17
N,8201,P,2
N,8201,Q,6
N,8201,V,1
N,8201,W,1
N,8202,C,160
N,8202,E,8
N,8202,G,5
N,8202,I,6
N,8202,L,10
N,8202,O,3
N,8202,P,2
N,8202,Q,9
N,8202,T,1
N,8202,V,9
N,8202,Z,1
N,8203,C,122
N,8203,D,1
N,8203,E,2
N,8203,G,2
N,8203,I,2
N,8203,L,6
N,8203,O,13
N,8203,P,3
N,8203,Q,4
N,8203,T,1
N,8203,V,13
N,8204,C,30
N,8204,E,2
N,8204,I,2
N,8204,P,1
N,8204,Q,1
N,8204,S,1
N,8204,V,3
N,8205,C,67
N,8205,E,4
N,8205,I,4
N,8205,L,6
N,8205,O,7
N,8205,Q,6
N,8205,V,2
N,8206,C,42
N,8206,D,1
N,8206,E,3
N,8206,G,1
N,8206,I,2
N,8206,O,5
N,8206,P,1
N,8206,Q,3
N,8206,V,4
N,8207,C,19
N,8207,E,1
N,8207,I,1
N,8207,L,1
N,8207,O,1
N,8207,Q,1
N,8207,V,1
N,8301,C,422
N,8301,E,63
N,8301,G,8
N,8301,I,69
N,8301,L,22
N,8301,O,64
N,8301,P,6
N,8301,Q,29
N,8301,S,10
N,8301,V,52
N,8301,W,1
N,8301,Z,3
N,8302,C,16
N,8302,D,1
N,8302,E,2
N,8302,G,1
N,8302,O,1
N,8302,P,1
N,8302,Q,3
N,8302,V,2
N,8303,C,84
N,8303,D,1
N,8303,E,9
N,8303,G,1
N,8303,I,15
N,8303,L,3
N,8303,O,7
N,8303,P,1
N,8303,Q,5
N,8303,T,2
N,8303,V,15
N,8304,C,88
N,8304,D,1
N,8304,E,7
N,8304,I,8
N,8304,L,4
N,8304,O,3
N,8304,Q,7
N,8304,S,1
N,8304,T,1
N,8304,V,19
N,8305,C,99
N,8305,E,20
N,8305,G,2
N,8305,I,8
N,8305,L,2
N,8305,O,4
N,8305,Q,8
N,8305,S,1
N,8305,V,2
N,8306,C,111
N,8306,E,12
N,8306,G,2
N,8306,I,17
N,8306,L,4
N,8306,O,9
N,8306,P,2
N,8306,Q,10
N,8306,T,1
N,8306,V,5
N,8307,C,20
N,8307,D,1
N,8307,E,4
N,8307,I,3
N,8307,L,1
N,8307,P,1
N,8307,Q,1
N,8307,T,1
N,8308,C,6
N,8308,E,3
N,8308,L,1
N,8308,P,1
N,8308,V,1
N,8308,Z,1
N,8309,C,14
N,8309,E,12
N,8309,I,1
N,8309,L,1
N,8309,O,2
N,8309,P,2
N,8309,Q,4
N,8309,S,2
N,8309,V,1
N,8310,C,10
N,8310,E,3
N,8310,P,1
N,8310,Q,1
N,8311,C,48
N,8311,D,1
N,8311,E,10
N,8311,G,1
N,8311,L,1
N,8311,O,2
N,8311,P,1
N,8311,Q,2
N,8311,V,3
N,8312,C,67
N,8312,D,1
N,8312,E,11
N,8312,I,5
N,8312,L,1
N,8312,O,1
N,8312,P,2
N,8312,Q,5
N,8312,S,3
N,8312,V,1
N,8313,C,93
N,8313,E,2
N,8313,I,6
N,8313,L,3
N,8313,O,8
N,8313,P,3
N,8313,Q,6
N,8313,S,4
N,8313,T,1
N,8313,V,4
N,8313,Z,1
N,8314,C,6
N,8314,E,2
N,8314,I,1
N,8314,Q,1
N,8314,S,1
N,8314,V,4
N,9101,C,1023
N,9101,D,13
N,9101,E,41
N,9101,G,6
N,9101,I,58
N,9101,L,39
N,9101,O,113
N,9101,P,4
N,9101,Q,83
N,9101,S,6
N,9101,T,1
N,9101,V,167
N,9101,Z,6
N,9102,C,97
N,9102,D,3
N,9102,E,15
N,9102,I,4
N,9102,L,2
N,9102,O,9
N,9102,Q,6
N,9102,S,3
N,9102,T,1
N,9102,V,4
N,9103,C,88
N,9103,E,16
N,9103,G,3
N,9103,I,3
N,9103,L,2
N,9103,O,5
N,9103,P,1
N,9103,Q,4
N,9103,S,1
N,9103,T,1
N,9103,V,9
N,9104,C,20
N,9104,E,3
N,9104,G,2
N,9104,L,1
N,9104,P,2
N,9104,Q,2
N,9104,V,4
N,9105,C,51
N,9105,D,1
N,9105,E,15
N,9105,I,3
N,9105,L,3
N,9105,O,3
N,9105,P,2
N,9105,Q,4
N,9105,S,1
N,9105,V,11
N,9106,C,34
N,9106,D,1
N,9106,E,8
N,9106,I,1
N,9106,L,3
N,9106,O,1
N,9106,P,1
N,9106,Q,4
N,9106,S,1
N,9106,V,4
N,9107,C,63
N,9107,E,14
N,9107,I,13
N,9107,L,4
N,9107,O,6
N,9107,Q,9
N,9107,S,2
N,9107,V,11
N,9108,C,123
N,9108,D,2
N,9108,E,6
N,9108,G,4
N,9108,I,25
N,9108,L,22
N,9108,O,14
N,9108,P,2
N,9108,Q,9
N,9108,S,1
N,9108,T,1
N,9108,V,39
N,9109,C,114
N,9109,D,1
N,9109,E,9
N,9109,G,3
N,9109,I,11
N,9109,L,4
N,9109,O,11
N,9109,P,1
N,9109,Q,12
N,9109,S,2
N,9109,V,20
N,9109,Z,1
N,9110,C,21
N,9110,E,6
N,9110,G,5
N,9110,I,2
N,9110,Q,2
N,9110,S,1
N,9111,C,107
N,9111,E,14
N,9111,G,2
N,9111,I,4
N,9111,L,8
N,9111,O,7
N,9111,P,1
N,9111,Q,7
N,9111,V,12
N,9112,C,131
N,9112,E,23
N,9112,G,1
N,9112,I,12
N,9112,L,11
N,9112,O,9
N,9112,P,1
N,9112,Q,18
N,9112,S,2
N,9112,T,1
N,9112,V,49
N,9113,C,16
N,9113,E,4
N,9113,I,3
N,9113,L,2
N,9113,Q,1
N,9113,T,1
N,9113,V,1
N,9114,C,129
N,9114,D,1
N,9114,E,14
N,9114,G,1
N,9114,I,7
N,9114,L,3
N,9114,O,10
N,9114,P,1
N,9114,Q,9
N,9114,V,10
N,9115,C,198
N,9115,D,1
N,9115,E,17
N,9115,G,86
N,9115,I,1
N,9115,L,46
N,9115,O,9
N,9115,Q,8
N,9115,S,4
N,9115,V,140
N,9115,Z,1
N,9116,C,50
N,9116,E,19
N,9116,G,2
N,9116,L,1
N,9116,O,5
N,9116,P,2
N,9116,Q,6
N,9116,S,1
N,9116,V,6
N,9117,C,51
N,9117,E,10
N,9117,G,1
N,9117,I,4
N,9117,L,4
N,9117,Q,4
N,9117,S,1
N,9117,V,3
N,9118,C,35
N,9118,E,11
N,9118,G,2
N,9118,I,3
N,9118,L,2
N,9118,O,4
N,9118,P,2
N,9118,S,3
N,9118,V,1
N,9119,C,61
N,9119,D,1
N,9119,E,9
N,9119,G,1
N,9119,I,3
N,9119,L,5
N,9119,O,9
N,9119,P,1
N,9119,Q,6
N,9119,V,15
N,9120,C,372
N,9120,D,2
N,9120,E,13
N,9120,G,100
N,9120,I,21
N,9120,L,48
N,9120,M,1
N,9120,O,11
N,9120,P,2
N,9120,Q,13
N,9120,S,4
N,9120,T,2
N,9120,V,78
N,9120,Z,1
N,9121,C,26
N,9121,E,7
N,9121,G,1
N,9121,L,2
N,9121,Q,2
N,9121,V,2
N,9201,C,221
N,9201,D,1
N,9201,E,19
N,9201,G,7
N,9201,I,9
N,9201,L,38
N,9201,O,31
N,9201,P,4
N,9201,Q,20
N,9201,S,3
N,9201,T,2
N,9201,V,18
N,9201,Z,2
N,9202,C,73
N,9202,E,3
N,9202,I,4
N,9202,L,5
N,9202,O,7
N,9202,P,1
N,9202,Q,7
N,9202,S,1
N,9202,T,1
N,9202,V,7
N,9203,C,87
N,9203,D,1
N,9203,E,6
N,9203,G,32
N,9203,I,4
N,9203,L,10
N,9203,O,7
N,9203,Q,9
N,9203,S,1
N,9203,T,1
N,9203,V,9
N,9203,Z,1
N,9204,C,16
N,9204,E,2
N,9204,I,2
N,9204,L,1
N,9204,O,1
N,9204,P,2
N,9204,Q,3
N,9204,S,1
N,9204,V,2
N,9205,C,45
N,9205,E,6
N,9205,G,9
N,9205,I,1
N,9205,L,3
N,9205,O,3
N,9205,P,2
N,9205,Q,1
N,9205,S,1
N,9205,T,1
N,9205,V,6
N,9206,C,24
N,9206,E,2
N,9206,G,1
N,9206,L,3
N,9206,O,2
N,9206,P,1
N,9206,Q,3
N,9206,S,1
N,9206,V,2
N,9207,C,28
N,9207,D,1
N,9207,E,3
N,9207,G,1
N,9207,I,1
N,9207,L,6
N,9207,O,1
N,9207,P,1
N,9207,Q,2
N,9207,V,6
N,9208,C,48
N,9208,E,1
N,9208,I,3
N,9208,L,6
N,9208,O,1
N,9208,P,2
N,9208,Q,3
N,9208,V,7
N,9209,C,18
N,9209,E,5
N,9209,G,1
N,9209,I,2
N,9209,O,1
N,9209,P,2
N,9209,Q,3
N,9209,V,2
N,9210,C,55
N,9210,D,1
N,9210,E,11
N,9210,G,2
N,9210,I,6
N,9210,L,10
N,9210,O,4
N,9210,P,1
N,9210,Q,5
N,9210,S,1
N,9210,V,11
N,9211,C,149
N,9211,D,1
N,9211,E,12
N,9211,G,3
N,9211,I,11
N,9211,L,4
N,9211,O,25
N,9211,P,3
N,9211,Q,13
N,9211,S,2
N,9211,T,2
N,9211,V,18
N,10101,C,550
N,10101,D,10
N,10101,E,51
N,10101,G,30
N,10101,I,57
N,10101,L,74
N,10101,O,69
N,10101,P,2
N,10101,Q,43
N,10101,S,7
N,10101,T,7
N,10101,V,46
N,10102,C,86
N,10102,E,2
N,10102,G,6
N,10102,I,18
N,10102,L,13
N,10102,O,5
N,10102,P,2
N,10102,Q,6
N,10102,S,4
N,10102,V,16
N,10103,C,16
N,10103,G,5
N,10103,I,1
N,10103,L,1
N,10103,P,1
N,10103,Q,1
N,10103,S,1
N,10103,V,6
N,10104,C,18
N,10104,D,1
N,10104,E,7
N,10104,I,2
N,10104,L,1
N,10104,O,5
N,10104,P,1
N,10104,Q,4
N,10104,W,1
N,10105,C,52
N,10105,D,2
N,10105,E,8
N,10105,G,20
N,10105,I,7
N,10105,L,5
N,10105,O,10
N,10105,Q,5
N,10105,T,2
N,10105,V,12
N,10106,C,51
N,10106,E,12
N,10106,G,1
N,10106,I,4
N,10106,L,3
N,10106,O,2
N,10106,P,1
N,10106,Q,3
N,10106,S,1
N,10106,T,2
N,10107,C,31
N,10107,D,3
N,10107,E,6
N,10107,G,8
N,10107,I,5
N,10107,L,3
N,10107,O,3
N,10107,Q,3
N,10107,S,1
N,10107,T,1
N,10107,V,9
N,10108,C,40
N,10108,D,1
N,10108,E,8
N,10108,G,3
N,10108,I,3
N,10108,O,3
N,10108,Q,4
N,10108,S,2
N,10108,T,1
N,10108,V,2
N,10109,C,134
N,10109,D,2
N,10109,E,14
N,10109,G,66
N,10109,I,24
N,10109,L,17
N,10109,O,23
N,10109,P,1
N,10109,Q,8
N,10109,S,5
N,10109,V,25
N,10201,C,330
N,10201,D,1
N,10201,E,12
N,10201,G,31
N,10201,I,13
N,10201,L,11
N,10201,O,35
N,10201,P,4
N,10201,Q,13
N,10201,S,3
N,10201,V,49
N,10202,C,139
N,10202,D,1
N,10202,E,9
N,10202,G,14
N,10202,I,12
N,10202,L,8
N,10202,O,18
N,10202,P,1
N,10202,Q,14
N,10202,S,2
N,10202,T,1
N,10202,V,28
N,10202,Z,1
N,10203,C,51
N,10203,D,2
N,10203,E,1
N,10203,G,11
N,10203,I,11
N,10203,L,4
N,10203,O,1
N,10203,P,1
N,10203,Q,4
N,10203,T,1
N,10203,V,13
N,10204,C,2
N,10204,E,1
N,10204,I,1
N,10204,P,1
N,10204,Q,1
N,10204,V,4
N,10205,C,65
N,10205,D,1
N,10205,E,3
N,10205,G,1
N,10205,I,12
N,10205,L,4
N,10205,P,1
N,10205,Q,3
N,10205,S,1
N,10205,T,1
N,10205,V,12
N,10206,C,9
N,10206,E,2
N,10206,I,2
N,10206,O,2
N,10206,Q,1
N,10206,V,9
N,10207,C,13
N,10207,E,2
N,10207,G,1
N,10207,I,1
N,10207,P,1
N,10207,Q,2
N,10207,V,2
N,10208,C,151
N,10208,E,2
N,10208,G,2
N,10208,I,9
N,10208,L,1
N,10208,O,5
N,10208,P,1
N,10208,Q,5
N,10208,S,2
N,10208,V,20
N,10209,C,9
N,10209,E,2
N,10209,G,1
N,10209,I,2
N,10209,L,1
N,10209,P,1
N,10209,Q,1
N,10209,S,2
N,10209,V,3
N,10210,C,39
N,10210,E,4
N,10210,G,2
N,10210,I,1
N,10210,O,4
N,10210,Q,8
N,10210,S,1
N,10210,V,5
N,10301,C,506
N,10301,D,13
N,10301,E,53
N,10301,G,22
N,10301,I,49
N,10301,L,20
N,10301,O,48
N,10301,P,4
N,10301,Q,37
N,10301,S,5
N,10301,T,6
N,10301,V,83
N,10301,Z,3
N,10302,C,12
N,10302,E,22
N,10302,G,9
N,10302,I,1
N,10302,L,1
N,10302,P,1
N,10302,Q,2
N,10302,S,2
N,10302,V,3
N,10303,C,82
N,10303,D,1
N,10303,E,10
N,10303,G,1
N,10303,I,14
N,10303,O,5
N,10303,P,2
N,10303,Q,7
N,10303,S,6
N,10303,T,1
N,10303,V,12
N,10304,C,14
N,10304,E,2
N,10304,G,6
N,10304,I,1
N,10304,L,1
N,10304,M,1
N,10304,P,6
N,10304,Q,1
N,10304,S,1
N,10304,V,11
N,10305,C,38
N,10305,D,1
N,10305,E,8
N,10305,I,4
N,10305,L,3
N,10305,O,5
N,10305,P,1
N,10305,Q,2
N,10305,S,1
N,10305,T,2
N,10305,V,4
N,10306,C,2
N,10306,E,4
N,10306,G,1
N,10306,P,2
N,10306,Q,2
N,10306,S,1
N,10306,V,2
N,10307,C,5
N,10307,E,18
N,10307,I,1
N,10307,O,2
N,10307,P,1
N,10307,Q,1
N,10307,T,1
N,10307,V,2
N,10401,C,40
N,10401,E,2
N,10401,G,10
N,10401,I,1
N,10401,O,4
N,10401,P,1
N,10401,Q,2
N,10401,S,2
N,10401,V,10
N,10402,C,32
N,10402,E,1
N,10402,G,8
N,10402,O,2
N,10402,P,2
N,10402,Q,1
N,10402,T,1
N,10402,V,4
N,10403,C,12
N,10403,E,5
N,10403,I,4
N,10403,Q,3
N,10403,S,1
N,10403,V,7
N,10404,C,9
N,10404,E,1
N,10404,G,1
N,10404,L,1
N,10404,O,2
N,10404,P,1
N,10404,Q,1
N,10404,V,2
N,11101,C,273
N,11101,D,6
N,11101,E,15
N,11101,G,43
N,11101,I,24
N,11101,L,11
N,11101,O,39
N,11101,P,5
N,11101,Q,18
N,11101,S,3
N,11101,T,1
N,11101,V,63
N,11101,Z,1
N,11102,C,3
N,11102,E,4
N,11102,G,2
N,11102,O,1
N,11102,P,1
N,11102,Q,1
N,11102,S,1
N,11102,V,9
N,11201,C,145
N,11201,D,2
N,11201,E,9
N,11201,G,20
N,11201,I,20
N,11201,L,5
N,11201,O,8
N,11201,P,4
N,11201,Q,15
N,11201,S,5
N,11201,V,40
N,11201,W,1
N,11201,Z,1
N,11202,C,47
N,11202,D,1
N,11202,E,5
N,11202,G,29
N,11202,I,4
N,11202,L,3
N,11202,O,8
N,11202,P,2
N,11202,Q,5
N,11202,S,4
N,11202,V,7
N,11202,W,1
N,11203,C,8
N,11203,E,2
N,11203,G,1
N,11203,I,1
N,11203,O,1
N,11203,P,1
N,11203,Q,1
N,11203,S,1
N,11203,V,1
N,11301,C,26
N,11301,E,2
N,11301,G,15
N,11301,I,1
N,11301,L,2
N,11301,O,3
N,11301,P,3
N,11301,Q,2
N,11301,S,1
N,11301,V,5
N,11302,C,2
N,11302,E,1
N,11302,G,4
N,11302,O,2
N,11302,P,1
N,11302,Q,1
N,11302,V,1
N,11303,C,3
N,11303,E,1
N,11303,G,4
N,11303,V,1
N,11401,C,43
N,11401,D,2
N,11401,E,2
N,11401,G,22
N,11401,I,3
N,11401,O,7
N,11401,P,2
N,11401,Q,5
N,11401,S,3
N,11401,T,1
N,11401,V,6
N,11402,C,15
N,11402,D,1
N,11402,E,3
N,11402,G,18
N,11402,M,1
N,11402,O,1
N,11402,P,2
N,11402,Q,4
N,11402,S,2
N,11402,V,4
N,12101,C,553
N,12101,D,9
N,12101,E,10
N,12101,G,20
N,12101,I,50
N,12101,L,29
N,12101,O,69
N,12101,P,4
N,12101,Q,28
N,12101,S,5
N,12101,T,4
N,12101,V,65
N,12101,W,2
N,12101,Z,2
N,12102,C,1
N,12102,P,1
N,12103,M,1
N,12103,P,1
N,12104,E,1
N,12104,G,2
N,12104,I,1
N,12104,M,1
N,12104,V,9
N,12201,E,1
N,12201,I,1
N,12201,P,1
N,12201,V,5
N,12301,C,63
N,12301,E,4
N,12301,G,4
N,12301,I,5
N,12301,L,1
N,12301,O,7
N,12301,P,3
N,12301,Q,2
N,12301,V,5
N,12302,C,1
N,12302,G,3
N,12302,I,1
N,12302,P,1
N,12302,V,30
N,12303,I,1
N,12303,P,2
N,12401,C,181
N,12401,D,5
N,12401,E,3
N,12401,G,60
N,12401,I,12
N,12401,L,3
N,12401,O,9
N,12401,P,3
N,12401,Q,5
N,12401,S,1
N,12401,V,22
N,12401,Z,2
N,12402,C,1
N,12402,E,2
N,12402,G,6
N,12402,P,1
N,12402,V,1
N,13101,C,1740
N,13101,D,4
N,13101,E,31
N,13101,G,22
N,13101,I,289
N,13101,L,86
N,13101,O,269
N,13101,P,5
N,13101,Q,42
N,13101,S,6
N,13101,V,35
N,13101,Z,51
N,13102,C,188
N,13102,D,1
N,13102,E,7
N,13102,I,62
N,13102,L,17
N,13102,O,6
N,13102,P,1
N,13102,Q,16
N,13102,T,1
N,13102,V,21
N,13103,C,615
N,13103,D,1
N,13103,E,6
N,13103,I,37
N,13103,L,4
N,13103,O,3
N,13103,P,1
N,13103,Q,25
N,13103,S,2
N,13103,V,25
N,13103,Z,4
N,13104,C,516
N,13104,D,2
N,13104,E,9
N,13104,G,2
N,13104,I,65
N,13104,L,13
N,13104,O,17
N,13104,P,2
N,13104,Q,32
N,13104,S,1
N,13104,V,27
N,13104,Z,4
N,13105,C,554
N,13105,D,5
N,13105,E,21
N,13105,I,45
N,13105,L,27
N,13105,O,5
N,13105,P,1
N,13105,Q,29
N,13105,S,2
N,13105,T,5
N,13105,V,5
N,13105,Z,3
N,13106,C,340
N,13106,D,4
N,13106,E,10
N,13106,G,3
N,13106,I,91
N,13106,L,33
N,13106,O,23
N,13106,P,3
N,13106,Q,25
N,13106,S,3
N,13106,T,3
N,13106,V,21
N,13106,Z,16
N,13107,C,116
N,13107,D,3
N,13107,E,9
N,13107,I,4
N,13107,L,30
N,13107,O,4
N,13107,Q,11
N,13107,V,7
N,13107,Z,1
N,13108,C,566
N,13108,D,1
N,13108,E,12
N,13108,I,83
N,13108,L,21
N,13108,O,22
N,13108,P,3
N,13108,Q,14
N,13108,S,3
N,13108,V,17
N,13108,Z,6
N,13109,C,564
N,13109,D,4
N,13109,E,21
N,13109,G,2
N,13109,I,126
N,13109,L,71
N,13109,O,37
N,13109,P,2
N,13109,Q,30
N,13109,S,5
N,13109,T,8
N,13109,V,30
N,13109,Z,124
N,13110,C,488
N,13110,D,6
N,13110,E,32
N,13110,I,26
N,13110,L,171
N,13110,O,20
N,13110,P,2
N,13110,Q,49
N,13110,S,6
N,13110,T,2
N,13110,V,36
N,13110,Z,216
N,13111,C,369
N,13111,D,2
N,13111,E,6
N,13111,G,1
N,13111,I,109
N,13111,L,28
N,13111,O,16
N,13111,Q,32
N,13111,T,2
N,13111,V,15
N,13111,Z,8
N,13112,C,312
N,13112,D,5
N,13112,E,19
N,13112,G,1
N,13112,I,82
N,13112,L,91
N,13112,O,9
N,13112,Q,37
N,13112,S,2
N,13112,T,12
N,13112,V,35
N,13112,Z,15
N,13113,C,111
N,13113,D,5
N,13113,E,11
N,13113,G,1
N,13113,I,23
N,13113,L,37
N,13113,O,10
N,13113,P,3
N,13113,Q,11
N,13113,S,1
N,13113,V,11
N,13114,C,149
N,13114,D,5
N,13114,E,16
N,13114,G,37
N,13114,I,1
N,13114,L,88
N,13114,O,69
N,13114,P,3
N,13114,Q,9
N,13114,S,3
N,13114,V,14
N,13114,Z,138
N,13115,C,74
N,13115,D,6
N,13115,E,7
N,13115,G,2
N,13115,I,1
N,13115,L,5
N,13115,M,1
N,13115,O,10
N,13115,P,1
N,13115,Q,5
N,13115,S,3
N,13115,V,10
N,13115,Z,16
N,13116,C,240
N,13116,D,3
N,13116,E,4
N,13116,I,46
N,13116,L,9
N,13116,O,3
N,13116,P,1
N,13116,Q,19
N,13116,S,1
N,13116,T,1
N,13116,V,6
N,13116,Z,3
N,13117,C,341
N,13117,D,3
N,13117,E,5
N,13117,I,12
N,13117,L,3
N,13117,O,5
N,13117,P,1
N,13117,Q,21
N,13117,S,1
N,13117,V,13
N,13118,C,140
N,13118,D,1
N,13118,E,5
N,13118,I,61
N,13118,L,9
N,13118,O,10
N,13118,Q,11
N,13118,V,4
N,13118,Z,2
N,13119,C,444
N,13119,E,31
N,13119,I,18
N,13119,L,6
N,13119,O,18
N,13119,P,2
N,13119,Q,22
N,13119,S,11
N,13119,V,36
N,13119,Z,8
N,13120,C,271
N,13120,D,1
N,13120,E,24
N,13120,G,1
N,13120,I,30
N,13120,L,6
N,13120,O,94
N,13120,P,2
N,13120,Q,18
N,13120,S,2
N,13120,V,23
N,13120,Z,4
N,13121,C,356
N,13121,D,2
N,13121,E,10
N,13121,I,29
N,13121,L,16
N,13121,O,13
N,13121,P,4
N,13121,Q,28
N,13121,S,1
N,13121,T,3
N,13121,V,12
N,13121,W,2
N,13121,Z,2
N,13122,C,435
N,13122,D,2
N,13122,E,12
N,13122,I,19
N,13122,L,1
N,13122,O,11
N,13122,P,2
N,13122,Q,33
N,13122,T,1
N,13122,V,16
N,13122,Z,1
N,13123,C,287
N,13123,D,1
N,13123,E,23
N,13123,G,15
N,13123,I,8
N,13123,L,63
N,13123,O,384
N,13123,P,3
N,13123,Q,18
N,13123,S,11
N,13123,T,1
N,13123,V,44
N,13123,Z,87
N,13124,C,370
N,13124,D,2
N,13124,E,6
N,13124,G,1
N,13124,I,17
N,13124,L,18
N,13124,O,1
N,13124,P,1
N,13124,Q,19
N,13124,S,1
N,13124,T,1
N,13124,V,16
N,13124,Z,3
N,13125,C,197
N,13125,E,9
N,13125,G,1
N,13125,I,35
N,13125,L,17
N,13125,O,5
N,13125,Q,9
N,13125,S,1
N,13125,T,1
N,13125,V,15
N,13125,Z,2
N,13126,C,769
N,13126,D,5
N,13126,E,12
N,13126,G,1
N,13126,I,259
N,13126,L,91
N,13126,O,17
N,13126,P,2
N,13126,Q,25
N,13126,S,2
N,13126,T,5
N,13126,V,42
N,13126,Z,29
N,13127,C,739
N,13127,D,7
N,13127,E,15
N,13127,G,3
N,13127,I,176
N,13127,L,47
N,13127,O,35
N,13127,P,1
N,13127,Q,40
N,13127,S,4
N,13127,T,2
N,13127,V,14
N,13127,Z,5
N,13128,C,286
N,13128,D,1
N,13128,E,11
N,13128,I,35
N,13128,L,18
N,13128,O,8
N,13128,P,1
N,13128,Q,23
N,13128,T,3
N,13128,V,22
N,13128,W,1
N,13128,Z,3
N,13129,C,450
N,13129,D,3
N,13129,E,11
N,13129,G,1
N,13129,I,111
N,13129,L,35
N,13129,O,28
N,13129,P,1
N,13129,Q,31
N,13129,S,1
N,13129,V,35
N,13129,Z,4
N,13130,C,509
N,13130,D,1
N,13130,E,12
N,13130,I,195
N,13130,L,57
N,13130,O,60
N,13130,Q,21
N,13130,S,6
N,13130,T,1
N,13130,V,64
N,13130,Z,10
N,13131,C,352
N,13131,D,6
N,13131,E,7
N,13131,I,31
N,13131,L,11
N,13131,O,9
N,13131,Q,31
N,13131,S,1
N,13131,V,5
N,13131,W,1
N,13131,Z,2
N,13132,C,48
N,13132,D,3
N,13132,E,10
N,13132,I,2
N,13132,L,17
N,13132,O,22
N,13132,Q,7
N,13132,V,13
N,13132,Z,51
N,13201,C,649
N,13201,D,9
N,13201,E,48
N,13201,G,2
N,13201,I,33
N,13201,L,114
N,13201,O,24
N,13201,P,6
N,13201,Q,49
N,13201,S,15
N,13201,T,2
N,13201,V,63
N,13201,Z,3
N,13202,C,29
N,13202,E,4
N,13202,G,1
N,13202,I,3
N,13202,L,2
N,13202,O,2
N,13202,Q,5
N,13202,S,3
N,13202,V,13
N,13203,C,132
N,13203,D,3
N,13203,E,5
N,13203,G,4
N,13203,I,15
N,13203,L,2
N,13203,M,1
N,13203,O,5
N,13203,P,5
N,13203,Q,5
N,13203,S,1
N,13203,V,37
N,13203,W,1
N,13301,C,141
N,13301,D,2
N,13301,E,11
N,13301,G,1
N,13301,I,13
N,13301,L,13
N,13301,O,13
N,13301,P,1
N,13301,Q,16
N,13301,S,1
N,13301,T,2
N,13301,V,29
N,13302,C,136
N,13302,D,5
N,13302,E,13
N,13302,I,33
N,13302,L,20
N,13302,P,1
N,13302,Q,9
N,13302,S,3
N,13302,T,4
N,13302,V,76
N,13303,C,42
N,13303,D,1
N,13303,E,2
N,13303,G,1
N,13303,I,5
N,13303,L,7
N,13303,O,2
N,13303,P,3
N,13303,Q,2
N,13303,S,1
N,13303,T,4
N,13303,V,10
N,13303,Z,1
N,13401,C,457
N,13401,D,4
N,13401,E,22
N,13401,I,115
N,13401,L,58
N,13401,O,15
N,13401,P,1
N,13401,Q,47
N,13401,S,11
N,13401,T,6
N,13401,V,41
N,13401,Z,3
N,13402,C,236
N,13402,D,8
N,13402,E,16
N,13402,I,26
N,13402,L,11
N,13402,O,7
N,13402,P,2
N,13402,Q,6
N,13402,T,2
N,13402,V,21
N,13402,W,1
N,13402,Z,1
N,13403,C,41
N,13403,D,3
N,13403,E,2
N,13403,I,14
N,13403,L,4
N,13403,O,2
N,13403,P,1
N,13403,Q,2
N,13403,T,2
N,13403,V,3
N,13403,Z,1
N,13404,C,121
N,13404,D,2
N,13404,E,14
N,13404,G,1
N,13404,I,31
N,13404,L,17
N,13404,O,2
N,13404,P,1
N,13404,Q,8
N,13404,S,3
N,13404,V,24
N,13404,Z,1
N,13501,C,284
N,13501,D,5
N,13501,E,15
N,13501,G,4
N,13501,I,7
N,13501,L,6
N,13501,O,10
N,13501,P,3
N,13501,Q,22
N,13501,S,5
N,13501,T,1
N,13501,V,33
N,13501,Z,3
N,13502,C,8
N,13502,Q,1
N,13503,C,85
N,13503,D,1
N,13503,E,2
N,13503,I,9
N,13503,L,3
N,13503,O,3
N,13503,Q,5
N,13503,S,1
N,13503,T,1
N,13503,V,19
N,13504,C,10
N,13504,E,1
N,13504,I,1
N,13504,L,1
N,13504,Q,2
N,13504,V,3
N,13505,C,4
N,13505,E,7
N,13505,O,1
N,13505,Q,1
N,13505,V,1
N,13601,C,148
N,13601,D,3
N,13601,E,8
N,13601,I,10
N,13601,L,6
N,13601,O,12
N,13601,P,5
N,13601,Q,8
N,13601,S,4
N,13601,V,19
N,13602,C,70
N,13602,E,3
N,13602,I,8
N,13602,L,9
N,13602,O,2
N,13602,Q,4
N,13602,V,5
N,13602,Z,1
N,13603,C,87
N,13603,D,3
N,13603,E,4
N,13603,I,10
N,13603,L,5
N,13603,O,2
N,13603,Q,6
N,13603,T,2
N,13603,V,5
N,13604,C,104
N,13604,D,3
N,13604,E,4
N,13604,G,1
N,13604,I,19
N,13604,L,9
N,13604,O,4
N,13604,P,2
N,13604,Q,5
N,13604,V,8
N,13605,C,186
N,13605,D,2
N,13605,E,15
N,13605,I,14
N,13605,L,8
N,13605,O,2
N,13605,P,2
N,13605,Q,10
N,13605,S,1
N,13605,T,2
N,13605,V,33
N,13605,Z,2
N,14101,C,389
N,14101,D,9
N,14101,E,34
N,14101,G,50
N,14101,I,50
N,14101,L,41
N,14101,O,40
N,14101,P,9
N,14101,Q,58
N,14101,S,12
N,14101,T,2
N,14101,V,176
N,14101,W,1
N,14101,Z,2
N,14102,C,11
N,14102,O,1
N,14102,P,1
N,14102,Q,1
N,14102,V,7
N,14103,C,76
N,14103,D,1
N,14103,E,11
N,14103,I,9
N,14103,L,3
N,14103,O,3
N,14103,P,2
N,14103,Q,4
N,14103,S,1
N,14103,T,4
N,14103,V,11
N,14103,Z,1
N,14104,C,68
N,14104,E,13
N,14104,G,1
N,14104,I,4
N,14104,L,4
N,14104,O,3
N,14104,P,3
N,14104,Q,5
N,14104,S,2
N,14104,T,4
N,14104,V,19
N,14105,C,18
N,14105,E,1
N,14105,P,1
N,14105,Q,4
N,14105,T,1
N,14105,V,4
N,14106,C,82
N,14106,D,1
N,14106,E,9
N,14106,G,3
N,14106,I,11
N,14106,L,3
N,14106,O,1
N,14106,P,4
N,14106,Q,10
N,14106,S,2
N,14106,V,12
N,14107,C,95
N,14107,D,2
N,14107,E,9
N,14107,I,9
N,14107,L,2
N,14107,O,5
N,14107,P,3
N,14107,Q,11
N,14107,S,3
N,14107,T,2
N,14107,V,11
N,14107,Z,2
N,14108,C,166
N,14108,E,23
N,14108,G,29
N,14108,I,9
N,14108,L,3
N,14108,O,8
N,14108,P,7
N,14108,Q,8
N,14108,S,3
N,14108,T,1
N,14108,V,30
N,14201,C,142
N,14201,E,15
N,14201,G,14
N,14201,I,13
N,14201,L,6
N,14201,M,1
N,14201,O,9
N,14201,P,5
N,14201,Q,14
N,14201,S,1
N,14201,T,2
N,14201,V,28
N,14201,Z,1
N,14202,C,72
N,14202,E,15
N,14202,G,11
N,14202,I,4
N,14202,L,3
N,14202,O,3
N,14202,P,1
N,14202,Q,4
N,14202,V,19
N,14202,Z,1
N,14203,C,40
N,14203,E,11
N,14203,G,7
N,14203,I,2
N,14203,L,1
N,14203,P,3
N,14203,Q,4
N,14203,S,1
N,14203,V,7
N,14204,C,116
N,14204,D,2
N,14204,E,16
N,14204,G,6
N,14204,I,6
N,14204,L,5
N,14204,O,10
N,14204,P,4
N,14204,Q,8
N,14204,S,4
N,14204,T,4
N,14204,V,21
N,14204,W,1
N,15101,C,973
N,15101,D,9
N,15101,E,8
N,15101,G,30
N,15101,I,66
N,15101,L,70
N,15101,M,1
N,15101,O,55
N,15101,P,7
N,15101,Q,42
N,15101,S,7
N,15101,T,2
N,15101,V,111
N,15101,Z,60
N,15102,C,4
N,15102,E,3
N,15102,G,1
N,15102,L,1
N,15102,O,1
N,15102,P,1
N,15201,C,6
N,15201,E,4
N,15201,G,2
N,15201,I,2
N,15201,O,2
N,15201,Q,2
N,15201,V,1
N,15202,I,1
N,15202,S,1
N,16101,C,794
N,16101,D,3
N,16101,E,18
N,16101,G,5
N,16101,I,35
N,16101,L,24
N,16101,O,89
N,16101,P,3
N,16101,Q,44
N,16101,S,6
N,16101,V,95
N,16101,Z,7
N,16102,C,87
N,16102,D,2
N,16102,E,4
N,16102,I,8
N,16102,O,3
N,16102,P,1
N,16102,Q,3
N,16102,S,2
N,16102,T,1
N,16102,V,4
N,16103,C,66
N,16103,E,4
N,16103,I,12
N,16103,L,7
N,16103,O,4
N,16103,Q,11
N,16103,T,2
N,16103,V,17
N,16104,C,43
N,16104,D,1
N,16104,E,7
N,16104,I,1
N,16104,O,2
N,16104,Q,3
N,16104,S,1
N,16104,V,2
N,16105,C,18
N,16105,D,1
N,16105,E,1
N,16105,I,1
N,16105,L,3
N,16105,P,1
N,16105,Q,1
N,16105,S,2
N,16105,V,2
N,16106,C,58
N,16106,E,3
N,16106,G,29
N,16106,L,1
N,16106,O,1
N,16106,P,2
N,16106,Q,2
N,16106,V,6
N,16106,W,1
N,16107,C,98
N,16107,E,7
N,16107,G,4
N,16107,L,2
N,16107,O,4
N,16107,P,2
N,16107,Q,3
N,16107,V,10
N,16108,C,29
N,16108,D,1
N,16108,E,3
N,16108,L,1
N,16108,O,2
N,16108,P,3
N,16108,Q,5
N,16108,S,1
N,16108,V,9
N,16109,C,87
N,16109,E,8
N,16109,G,1
N,16109,I,5
N,16109,O,6
N,16109,P,3
N,16109,Q,3
N,16109,S,1
N,16109,V,6
N,16201,C,38
N,16201,E,1
N,16201,I,3
N,16201,O,1
N,16201,P,1
N,16201,Q,4
N,16201,S,1
N,16201,V,8
N,16202,C,35
N,16202,G,5
N,16202,L,1
N,16202,Q,2
N,16202,V,3
N,16203,C,100
N,16203,E,2
N,16203,I,3
N,16203,O,2
N,16203,Q,4
N,16203,S,2
N,16203,T,1
N,16203,V,2
N,16204,C,14
N,16204,E,1
N,16204,Q,1
N,16204,S,1
N,16204,V,4
N,16205,C,10
N,16205,E,4
N,16205,I,1
N,16205,L,1
N,16205,Q,2
N,16205,T,1
N,16205,V,4
N,16206,C,14
N,16206,E,4
N,16206,I,1
N,16206,Q,5
N,16206,S,2
N,16206,T,1
N,16206,V,2
N,16207,C,4
N,16207,E,4
N,16207,I,1
N,16207,Q,1
N,16207,V,1
N,16301,C,157
N,16301,D,1
N,16301,E,10
N,16301,G,2
N,16301,I,19
N,16301,L,11
N,16301,O,20
N,16301,P,3
N,16301,Q,14
N,16301,S,3
N,16301,T,1
N,16301,V,9
N,16302,C,62
N,16302,D,2
N,16302,E,9
N,16302,I,3
N,16302,L,3
N,16302,O,4
N,16302,P,1
N,16302,Q,5
N,16302,V,9
N,16303,C,9
N,16303,E,5
N,16303,P,1
N,16303,Q,3
N,16303,V,2
N,16304,C,9
N,16304,E,6
N,16304,G,3
N,16304,O,3
N,16304,P,1
N,16304,Q,1
N,16304,S,2
N,16304,V,1
N,16305,C,19
N,16305,E,7
N,16305,Q,4
N,16305,V,3
