series,territory_code,roles,primary_h,positive_h_line_roles,non_h_with_h_line,excluded_common,excluded_matrix,unresolved,eligible_non_h_h,agricultural_p_only,primary_h_without_positive_h_line
A,1101,18,0,1,1,0,0,0,1,1,0
A,1107,7,0,0,0,0,0,0,0,1,0
A,1401,5867,0,1,1,0,0,0,1,7,0
A,1402,1312,0,0,0,0,0,0,0,0,0
A,1403,410,0,0,0,0,0,0,0,0,0
A,1404,3331,0,0,0,0,0,0,0,0,0
A,1405,1879,0,10,10,0,0,0,10,47,0
A,2101,90,0,0,0,0,0,0,0,0,0
A,2102,24,0,0,0,0,0,0,0,0,0
A,2103,38,0,0,0,0,0,0,0,0,0
A,2104,53,0,0,0,0,0,0,0,0,0
A,2201,2148,0,17,17,0,0,0,17,46,0
A,2202,29,0,0,0,0,0,0,0,0,0
A,2203,3210,0,19,19,0,0,0,19,142,0
A,2301,6,0,0,0,0,0,0,0,0,0
A,2302,105,0,0,0,0,0,0,0,0,0
A,3101,3081,0,2,2,0,0,0,2,35,0
A,3102,39,0,0,0,0,0,0,0,0,0
A,3103,709,0,0,0,0,0,0,0,21,0
A,3201,23,0,0,0,0,0,0,0,0,0
A,3202,85,0,0,0,0,0,0,0,0,0
A,3301,2980,0,0,0,0,0,0,0,56,0
A,3302,2501,0,0,0,0,0,0,0,81,0
A,3303,657,0,0,0,0,0,0,0,14,0
A,3304,743,0,2,2,0,0,0,2,12,0
A,4101,2136,0,0,0,0,0,0,0,60,0
A,4102,2673,0,4,4,0,0,0,4,47,0
A,4103,507,0,1,1,0,0,0,1,6,0
A,4104,2747,0,0,0,0,0,0,0,1,0
A,4105,1017,0,0,0,0,0,0,0,15,0
A,4106,2198,0,1,1,0,0,0,1,44,0
A,4201,2703,0,1,1,0,0,0,1,86,0
A,4202,1381,0,1,1,0,0,0,1,14,0
A,4203,1744,0,1,1,0,0,0,1,29,0
A,4204,3821,0,1,1,0,0,0,1,52,0
A,4301,6493,0,4,4,0,0,0,4,45,0
A,4302,2052,0,0,0,0,0,0,0,26,0
A,4303,5414,0,5,5,0,0,0,5,26,0
A,4304,2338,0,0,0,0,0,0,0,19,0
A,4305,1395,0,7,7,0,0,0,7,8,0
A,5101,3101,0,0,0,0,0,0,0,13,0
A,5102,1600,0,3,3,0,0,0,3,128,0
A,5103,259,0,0,0,0,0,0,0,5,0
A,5104,14,0,0,0,0,0,0,0,0,0
A,5105,2514,0,1,1,0,0,0,1,27,0
A,5107,700,0,0,0,0,0,0,0,18,0
A,5109,593,0,2,2,0,0,0,2,1,0
A,5201,510,0,0,0,0,0,0,0,1,0
A,5301,276,0,1,1,0,0,0,1,20,0
A,5302,701,0,3,3,0,0,0,3,48,0
A,5303,781,0,1,1,0,0,0,1,17,0
A,5304,1422,0,1,1,0,0,0,1,66,0
A,5401,3677,0,6,6,0,0,0,6,45,0
A,5402,2289,0,1,1,0,0,0,1,39,0
A,5403,386,0,0,0,0,0,0,0,4,0
A,5404,1934,0,3,3,0,0,0,3,29,0
A,5405,659,0,0,0,0,0,0,0,9,0
A,5501,3412,0,4,4,0,0,0,4,175,0
A,5502,447,0,0,0,0,0,0,0,16,0
A,5503,2599,0,10,10,0,0,0,10,111,0
A,5504,812,0,10,10,0,0,0,10,97,0
A,5506,1466,0,2,2,0,0,0,2,35,0
A,5601,1528,0,2,2,0,0,0,2,24,0
A,5602,1864,0,1,1,0,0,0,1,21,0
A,5603,1072,0,1,1,0,0,0,1,5,0
A,5604,416,0,0,0,0,0,0,0,1,0
A,5605,823,0,0,0,0,0,0,0,0,0
A,5606,5299,0,1,1,0,0,0,1,69,0
A,5701,1569,0,1,1,0,0,0,1,60,0
A,5702,1414,0,1,1,0,0,0,1,18,0
A,5703,1096,0,0,0,0,0,0,0,20,0
A,5704,569,0,0,0,0,0,0,0,33,0
A,5705,2050,0,1,1,0,0,0,1,25,0
A,5706,1113,0,0,0,0,0,0,0,45,0
A,5801,1978,0,6,6,0,0,0,6,31,0
A,5802,2880,0,2,2,0,0,0,2,103,0
A,5803,1769,0,7,7,0,0,0,7,116,0
A,5804,344,0,1,1,0,0,0,1,23,0
A,6101,1331,0,6,6,0,0,0,6,64,0
A,6102,1111,0,2,2,0,0,0,2,37,0
A,6103,1973,0,3,3,0,0,0,3,24,0
A,6104,2923,0,18,18,0,0,0,18,99,0
A,6105,1731,0,0,0,0,0,0,0,35,0
A,6106,796,0,3,3,0,0,0,3,21,0
A,6107,4063,0,48,48,0,0,0,48,207,0
A,6108,1078,0,2,2,0,0,0,2,29,0
A,6109,2470,0,3,3,0,0,0,3,56,0
A,6110,1321,0,8,8,0,0,0,8,29,0
A,6111,742,0,4,4,0,0,0,4,23,0
A,6112,799,0,0,0,0,0,0,0,34,0
A,6113,3648,0,7,7,0,0,0,7,92,0
A,6114,1599,0,1,1,0,0,0,1,52,0
A,6115,2736,0,2,2,0,0,0,2,227,0
A,6116,1652,0,1,1,0,0,0,1,58,0
A,6117,5725,0,5,5,0,0,0,5,651,0
A,6201,2933,0,0,0,0,0,0,0,16,0
A,6202,1449,0,0,0,0,0,0,0,7,0
A,6203,2253,0,0,0,0,0,0,0,11,0
A,6204,2371,0,0,0,0,0,0,0,18,0
A,6205,4280,0,1,1,0,0,0,1,4,0
A,6206,3540,0,0,0,0,0,0,0,13,0
A,6301,2354,0,3,3,0,0,0,3,77,0
A,6302,2917,0,0,0,0,0,0,0,72,0
A,6303,4248,0,0,0,0,0,0,0,78,0
A,6304,2684,0,0,0,0,0,0,0,26,0
A,6305,1391,0,1,1,0,0,0,1,34,0
A,6306,2279,0,1,1,0,0,0,1,74,0
A,6307,1630,0,1,1,0,0,0,1,33,0
A,6308,1466,0,0,0,0,0,0,0,19,0
A,6309,1604,0,0,0,0,0,0,0,31,0
A,6310,3039,0,0,0,0,0,0,0,58,0
A,7101,2875,0,0,0,0,0,0,0,50,0
A,7102,7172,0,4,4,0,0,0,4,131,0
A,7103,7939,0,5,5,0,0,0,5,103,0
A,7104,5265,0,0,0,0,0,0,0,25,0
A,7105,3380,0,3,3,0,0,0,3,127,0
A,7106,2996,0,2,2,0,0,0,2,72,0
A,7107,3622,0,2,2,0,0,0,2,98,0
A,7108,3325,0,4,4,0,0,0,4,67,0
A,7109,11171,0,10,10,0,0,0,10,329,0
A,7110,2623,0,0,0,0,0,0,0,58,0
A,7201,12993,0,8,8,0,0,0,8,712,0
A,7202,5607,0,8,8,0,0,0,8,260,0
A,7203,6109,0,17,17,0,0,0,17,239,0
A,7301,4825,0,1,1,0,0,0,1,233,0
A,7302,3460,0,2,2,0,0,0,2,307,0
A,7303,1798,0,0,0,0,0,0,0,69,0
A,7304,2863,0,3,3,0,0,0,3,196,0
A,7305,2239,0,0,0,0,0,0,0,105,0
A,7306,2333,0,0,0,0,0,0,0,128,0
A,7307,2532,0,0,0,0,0,0,0,156,0
A,7308,5871,0,1,1,0,0,0,1,358,0
A,7309,2134,0,1,1,0,0,0,1,36,0
A,7401,10198,0,9,9,0,0,0,9,242,0
A,7402,5667,0,0,0,0,0,0,0,99,0
A,7403,12653,0,0,0,0,0,0,0,159,0
A,7404,9953,0,1,1,0,0,0,1,94,0
A,7405,9687,0,0,0,0,0,0,0,82,0
A,7406,8305,0,3,3,0,0,0,3,206,0
A,7407,2987,0,2,2,0,0,0,2,97,0
A,7408,5146,0,1,1,0,0,0,1,164,0
A,8101,913,0,0,0,0,0,0,0,37,0
A,8102,778,0,2,2,0,0,0,2,14,0
A,8103,115,0,1,1,0,0,0,1,6,0
A,8104,5900,0,47,47,0,0,0,47,110,0
A,8105,4419,0,4,4,0,0,0,4,40,0
A,8106,93,0,0,0,0,0,0,0,0,0
A,8107,469,0,3,3,0,0,0,3,5,0
A,8108,188,0,0,0,0,0,0,0,18,0
A,8109,7205,0,13,13,0,0,0,13,306,0
A,8110,69,0,0,0,0,0,0,0,1,0
A,8111,4132,0,4,4,0,0,0,4,117,0
A,8112,65,0,1,1,0,0,0,1,0,0
A,8201,1789,0,0,0,0,0,0,0,0,0
A,8202,4365,0,20,20,0,0,0,20,64,0
A,8203,7917,0,36,36,0,0,0,36,88,0
A,8204,3087,0,30,30,0,0,0,30,68,0
A,8205,1239,0,0,0,0,0,0,0,4,0
A,8206,2462,0,1,1,0,0,0,1,16,0
A,8207,3688,0,0,0,0,0,0,0,2,0
A,8301,22284,0,3,3,0,0,0,3,45,0
A,8302,1435,0,0,0,0,0,0,0,17,0
A,8303,5000,0,1,1,0,0,0,1,26,0
A,8304,4549,0,1,1,0,0,0,1,19,0
A,8305,4654,0,0,0,0,0,0,0,6,0
A,8306,5524,0,0,0,0,0,0,0,7,0
A,8307,2002,0,0,0,0,0,0,0,14,0
A,8308,2132,0,0,0,0,0,0,0,0,0
A,8309,3746,0,0,0,0,0,0,0,2,0
A,8310,1286,0,0,0,0,0,0,0,3,0
A,8311,4126,0,0,0,0,0,0,0,6,0
A,8312,2922,0,0,0,0,0,0,0,29,0
A,8313,11310,0,3,3,0,0,0,3,51,0
A,8314,1199,0,0,0,0,0,0,0,4,0
A,9101,7595,0,6,6,0,0,0,6,86,0
A,9102,9912,0,0,0,0,0,0,0,5,0
A,9103,6808,0,4,4,0,0,0,4,53,0
A,9104,2910,0,0,0,0,0,0,0,5,0
A,9105,9302,0,3,3,0,0,0,3,35,0
A,9106,6089,0,0,0,0,0,0,0,5,0
A,9107,4155,0,2,2,0,0,0,2,39,0
A,9108,7301,0,1,1,0,0,0,1,79,0
A,9109,5835,0,2,2,0,0,0,2,55,0
A,9110,2863,0,2,2,0,0,0,2,12,0
A,9111,11355,0,0,0,0,0,0,0,3,0
A,9112,12712,0,4,4,0,0,0,4,44,0
A,9113,2910,0,0,0,0,0,0,0,11,0
A,9114,5850,0,2,2,0,0,0,2,82,0
A,9115,4653,0,6,6,0,0,0,6,111,0
A,9116,5589,0,0,0,0,0,0,0,1,0
A,9117,7229,0,4,4,0,0,0,4,92,0
A,9118,4170,0,0,0,0,0,0,0,43,0
A,9119,7973,0,9,9,0,0,0,9,122,0
A,9120,8390,0,9,9,0,0,0,9,60,0
A,9121,5765,0,0,0,0,0,0,0,1,0
A,9201,5233,0,23,23,0,0,0,23,31,0
A,9202,4148,0,0,0,0,0,0,0,17,0
A,9203,4284,0,5,5,0,0,0,5,19,0
A,9204,2629,0,0,0,0,0,0,0,15,0
A,9205,3823,0,0,0,0,0,0,0,0,0
A,9206,3161,0,0,0,0,0,0,0,9,0
A,9207,4439,0,0,0,0,0,0,0,1,0
A,9208,3718,0,2,2,0,0,0,2,2,0
A,9209,1806,0,1,1,0,0,0,1,17,0
A,9210,2997,0,0,0,0,0,0,0,28,0
A,9211,4997,0,2,2,0,0,0,2,28,0
A,10101,8220,0,5,5,0,0,0,5,90,0
A,10102,7459,0,5,5,0,0,0,5,11,0
A,10103,2573,0,1,1,0,0,0,1,5,0
A,10104,2995,0,0,0,0,0,0,0,8,0
A,10105,1736,0,1,1,0,0,0,1,32,0
A,10106,5344,0,0,0,0,0,0,0,19,0
A,10107,926,0,0,0,0,0,0,0,12,0
A,10108,4314,0,0,0,0,0,0,0,6,0
A,10109,2832,0,4,4,0,0,0,4,27,0
A,10201,5689,0,1,1,0,0,0,1,181,0
A,10202,9773,0,6,6,0,0,0,6,117,0
A,10203,6829,0,1,1,0,0,0,1,142,0
A,10204,2373,0,0,0,0,0,0,0,28,0
A,10205,5072,0,2,2,0,0,0,2,57,0
A,10206,2258,0,0,0,0,0,0,0,83,0
A,10207,3132,0,0,0,0,0,0,0,52,0
A,10208,4464,0,0,0,0,0,0,0,57,0
A,10209,4042,0,1,1,0,0,0,1,48,0
A,10210,3906,0,1,1,0,0,0,1,40,0
A,10301,3992,0,3,3,0,0,0,3,126,0
A,10302,2104,0,1,1,0,0,0,1,46,0
A,10303,2900,0,0,0,0,0,0,0,46,0
A,10304,3146,0,0,0,0,0,0,0,27,0
A,10305,3121,0,0,0,0,0,0,0,49,0
A,10306,4603,0,1,1,0,0,0,1,1,0
A,10307,3229,0,0,0,0,0,0,0,26,0
A,10401,2630,0,2,2,0,0,0,2,7,0
A,10402,1007,0,0,0,0,0,0,0,2,0
A,10403,2359,0,0,0,0,0,0,0,3,0
A,10404,905,0,0,0,0,0,0,0,2,0
A,11101,4717,0,5,5,0,0,0,5,67,0
A,11102,761,0,0,0,0,0,0,0,0,0
A,11201,3562,0,4,4,0,0,0,4,8,0
A,11202,1963,0,1,1,0,0,0,1,5,0
A,11203,254,0,0,0,0,0,0,0,2,0
A,11301,843,0,0,0,0,0,0,0,3,0
A,11302,176,0,0,0,0,0,0,0,4,0
A,11303,117,0,0,0,0,0,0,0,0,0
A,11401,1366,0,3,3,0,0,0,3,24,0
A,11402,1626,0,2,2,0,0,0,2,22,0
A,12101,710,0,4,4,0,0,0,4,8,0
A,12102,101,0,1,1,0,0,0,1,2,0
A,12103,144,0,1,1,0,0,0,1,15,0
A,12104,126,0,1,1,0,0,0,1,6,0
A,12201,187,0,0,0,0,0,0,0,0,0
A,12301,485,0,1,1,0,0,0,1,0,0
A,12302,170,0,0,0,0,0,0,0,0,0
A,12303,132,0,0,0,0,0,0,0,0,0
A,12401,684,0,9,9,0,0,0,9,23,0
A,12402,162,0,0,0,0,0,0,0,11,0
A,13102,4,0,0,0,0,0,0,0,0,0
A,13103,8,0,0,0,0,0,0,0,0,0
A,13107,56,0,1,1,0,0,0,1,3,0
A,13110,36,0,0,0,0,0,0,0,3,0
A,13112,125,0,0,0,0,0,0,0,5,0
A,13113,53,0,0,0,0,0,0,0,0,0
A,13114,15,0,1,1,0,0,0,1,1,0
A,13115,589,0,1,1,0,0,0,1,2,0
A,13119,380,0,0,0,0,0,0,0,15,0
A,13122,38,0,0,0,0,0,0,0,6,0
A,13124,485,0,1,1,0,0,0,1,4,0
A,13125,198,0,1,1,0,0,0,1,7,0
A,13128,51,0,1,1,0,0,0,1,0,0
A,13132,8,0,0,0,0,0,0,0,0,0
A,13201,120,0,0,0,0,0,0,0,13,0
A,13202,1675,0,5,5,0,0,0,5,173,0
A,13203,331,0,0,0,0,0,0,0,52,0
A,13301,4939,0,16,16,0,0,0,16,38,0
A,13302,2592,0,8,8,0,0,0,8,145,0
A,13303,1553,0,3,3,0,0,0,3,26,0
A,13401,714,0,4,4,0,0,0,4,75,0
A,13402,1654,0,6,6,0,0,0,6,103,0
A,13403,665,0,6,6,0,0,0,6,94,0
A,13404,3917,0,17,17,0,0,0,17,229,0
A,13501,11349,0,39,39,0,0,0,39,481,0
A,13502,843,0,0,0,0,0,0,0,6,0
A,13503,3062,0,5,5,0,0,0,5,72,0
A,13504,2097,0,2,2,0,0,0,2,97,0
A,13505,4069,0,18,18,0,0,0,18,91,0
A,13601,1259,0,3,3,0,0,0,3,36,0
A,13602,1113,0,1,1,0,0,0,1,32,0
A,13603,993,0,1,1,0,0,0,1,38,0
A,13604,494,0,0,0,0,0,0,0,9,0
A,13605,539,0,4,4,0,0,0,4,34,0
A,14101,2760,0,11,11,0,0,0,11,93,0
A,14102,1005,0,0,0,0,0,0,0,12,0
A,14103,2488,0,12,12,0,0,0,12,52,0
A,14104,3138,0,11,11,0,0,0,11,106,0
A,14105,1465,0,14,14,0,0,0,14,35,0
A,14106,4145,0,1,1,0,0,0,1,40,0
A,14107,3377,0,30,30,0,0,0,30,69,0
A,14108,7135,0,3,3,0,0,0,3,275,0
A,14201,6216,0,8,8,0,0,0,8,74,0
A,14202,2322,0,0,0,0,0,0,0,74,0
A,14203,3077,0,5,5,0,0,0,5,158,0
A,14204,7160,0,2,2,0,0,0,2,106,0
A,15101,4301,0,7,7,0,0,0,7,86,0
A,15102,1446,0,0,0,0,0,0,0,1,0
A,15201,4249,0,0,0,0,0,0,0,0,0
A,15202,118,0,0,0,0,0,0,0,0,0
A,16101,6615,0,2,2,0,0,0,2,237,0
A,16102,4970,0,3,3,0,0,0,3,233,0
A,16103,2575,0,0,0,0,0,0,0,57,0
A,16104,6729,0,1,1,0,0,0,1,99,0
A,16105,3032,0,0,0,0,0,0,0,91,0
A,16106,4783,0,0,0,0,0,0,0,81,0
A,16107,8201,0,0,0,0,0,0,0,158,0
A,16108,8178,0,4,4,0,0,0,4,307,0
A,16109,5315,0,0,0,0,0,0,0,74,0
A,16201,5014,0,0,0,0,0,0,0,37,0
A,16202,4749,0,0,0,0,0,0,0,83,0
A,16203,4229,0,0,0,0,0,0,0,113,0
A,16204,4507,0,1,1,0,0,0,1,101,0
A,16205,3599,0,0,0,0,0,0,0,205,0
A,16206,3476,0,0,0,0,0,0,0,135,0
A,16207,3733,0,0,0,0,0,0,0,86,0
A,16301,12063,0,0,0,0,0,0,0,133,0
A,16302,7077,0,1,1,0,0,0,1,229,0
A,16303,7423,0,0,0,0,0,0,0,151,0
A,16304,1895,0,0,0,0,0,0,0,107,0
A,16305,6203,0,0,0,0,0,0,0,138,0
N,1101,94020,55513,56879,1595,250,0,0,1345,0,229
N,1107,35692,31192,31513,333,34,0,0,299,0,12
N,1401,7620,5379,5140,129,0,0,0,129,0,368
N,1402,636,494,425,12,0,0,0,12,0,81
N,1403,729,239,157,5,0,0,0,5,0,87
N,1404,2114,1676,1295,21,0,0,0,21,0,402
N,1405,2813,1913,1957,59,0,0,0,59,0,15
N,2101,177786,117973,119636,1786,487,0,0,1299,0,123
N,2102,5855,4356,4412,60,8,0,0,52,0,4
N,2103,1207,428,450,22,0,0,0,22,0,0
N,2104,4481,3670,3732,65,0,0,0,65,0,3
N,2201,56208,45754,46476,762,81,0,0,681,0,40
N,2202,171,70,72,3,0,0,0,3,0,1
N,2203,3025,1675,1795,124,0,0,0,124,0,4
N,2301,10185,8975,9067,102,7,0,0,95,0,10
N,2302,597,94,113,19,0,0,0,19,0,0
N,3101,65222,53414,53935,624,60,0,0,564,0,103
N,3102,10331,8505,8643,141,6,0,0,135,0,3
N,3103,3746,3132,3239,109,0,0,0,109,0,2
N,3201,5650,4766,4911,148,3,0,0,145,0,3
N,3202,3907,2931,3135,206,2,0,0,204,0,2
N,3301,21056,18150,18478,342,12,0,0,330,0,14
N,3302,1480,1110,1127,18,0,0,0,18,0,1
N,3303,3111,2327,2365,39,0,0,0,39,0,1
N,3304,5020,4160,4230,73,2,0,0,71,0,3
N,4101,136719,101384,102131,848,43,0,0,805,0,101
N,4102,124582,97714,98406,775,22,0,0,753,0,83
N,4103,4757,3980,3804,62,0,0,0,62,0,238
N,4104,4203,2230,2114,13,0,0,0,13,0,129
N,4105,2564,1898,1609,31,0,0,0,31,0,320
N,4106,12467,9983,9656,86,2,0,0,84,0,413
N,4201,12048,9596,9621,133,1,0,0,132,0,108
N,4202,5328,3281,2465,24,0,0,0,24,0,840
N,4203,14589,10302,10156,147,1,0,0,146,0,293
N,4204,11017,8672,8621,183,0,0,0,183,0,234
N,4301,53022,39763,39362,339,9,0,0,330,0,740
N,4302,6939,5910,5328,56,0,0,0,56,0,638
N,4303,12229,10667,9920,63,0,0,0,63,0,810
N,4304,4525,3411,3370,27,0,0,0,27,0,68
N,4305,2263,1791,1642,30,0,0,0,30,0,179
N,5101,130182,99462,100292,1455,182,0,0,1273,0,625
N,5102,15336,9466,9640,190,18,0,0,172,0,16
N,5103,51071,24937,25130,239,78,0,0,161,0,46
N,5104,459,248,251,4,0,0,0,4,0,1
N,5105,21006,11939,11771,144,20,0,0,124,0,312
N,5107,20273,13736,13890,203,2,0,0,201,0,49
N,5109,235908,139361,140578,1627,839,0,0,788,0,410
N,5201,455,293,265,22,0,0,0,22,0,50
N,5301,28224,24804,25180,406,43,0,0,363,0,30
N,5302,6141,5164,5186,26,0,0,0,26,0,4
N,5303,5210,3943,3968,26,0,0,0,26,0,1
N,5304,8360,6482,6508,44,0,0,0,44,0,18
N,5401,17587,11915,11862,246,1,0,0,245,0,299
N,5402,6598,5187,5203,98,0,0,0,98,0,82
N,5403,11322,6808,6871,91,17,0,0,74,0,28
N,5404,4142,3296,2817,36,0,0,0,36,0,515
N,5405,9897,6151,6191,79,14,0,0,65,0,39
N,5501,38563,33673,33804,334,15,0,0,319,0,203
N,5502,18301,16730,16808,250,17,0,0,233,0,172
N,5503,5467,3892,3899,68,0,0,0,68,0,61
N,5504,9512,8477,8528,59,3,0,0,56,0,8
N,5506,6914,5709,5456,63,0,0,0,63,0,316
N,5601,35314,29703,30209,726,48,0,0,678,0,220
N,5602,29877,18120,18300,205,87,0,0,118,0,25
N,5603,12736,10648,10716,216,8,0,0,208,0,148
N,5604,17258,13676,13769,167,10,0,0,157,0,74
N,5605,17137,13786,13562,130,21,0,0,109,0,354
N,5606,10949,6130,6186,75,51,0,0,24,0,19
N,5701,30879,27433,27706,294,17,0,0,277,0,21
N,5702,5303,4057,4088,37,0,0,0,37,0,6
N,5703,9440,7507,7607,105,6,0,0,99,0,5
N,5704,2457,1878,1895,22,1,0,0,21,0,5
N,5705,6123,4950,4988,49,0,0,0,49,0,11
N,5706,5825,5000,5038,41,7,0,0,34,0,3
N,5801,68104,56413,56510,566,34,0,0,532,0,469
N,5802,23907,16479,16409,217,6,0,0,211,0,287
N,5803,8911,6429,6375,82,3,0,0,79,0,136
N,5804,56378,50451,50439,395,98,0,0,297,0,407
N,6101,112567,96011,97019,1392,318,0,0,1074,0,384
N,6102,4343,3140,3114,41,0,0,0,41,0,67
N,6103,2627,1639,1597,22,2,0,0,20,0,64
N,6104,7216,6038,5178,53,0,0,0,53,0,913
N,6105,7212,6026,5967,73,0,0,0,73,0,132
N,6106,12231,10993,11129,148,9,0,0,139,0,12
N,6107,11865,8238,8359,186,38,0,0,148,0,65
N,6108,24746,21153,21350,214,5,0,0,209,0,17
N,6109,4409,3395,3252,52,0,0,0,52,0,195
N,6110,9629,6916,6959,117,2,0,0,115,0,74
N,6111,4486,3121,3092,65,3,0,0,62,0,94
N,6112,4778,4035,3947,51,1,0,0,50,0,139
N,6113,6798,5319,5124,60,0,0,0,60,0,255
N,6114,4924,4014,3998,49,0,0,0,49,0,65
N,6115,24133,21758,22001,264,2,0,0,262,0,21
N,6116,10264,7761,7856,172,0,0,0,172,0,77
N,6117,16884,14065,13812,220,0,0,0,220,0,473
N,6201,16951,9702,9853,228,1,0,0,227,0,77
N,6202,5226,1108,1079,20,1,0,0,19,0,49
N,6203,9653,1980,2083,131,2,0,0,129,0,28
N,6204,6787,2005,1986,45,0,0,0,45,0,64
N,6205,6185,2064,1905,46,0,0,0,46,0,205
N,6206,9410,1904,1871,37,0,0,0,37,0,70
N,6301,33356,28290,28706,446,9,0,0,437,0,30
N,6302,6960,4699,4531,37,0,0,0,37,0,205
N,6303,13151,9884,9958,121,0,0,0,121,0,47
N,6304,3857,1856,1872,19,0,0,0,19,0,3
N,6305,6906,5603,5668,75,0,0,0,75,0,10
N,6306,4982,3202,3228,28,0,0,0,28,0,2
N,6307,5799,3346,3371,57,0,0,0,57,0,32
N,6308,3122,2105,2120,39,0,0,0,39,0,24
N,6309,3483,891,914,24,0,0,0,24,0,1
N,6310,17551,13564,13688,226,10,0,0,216,0,102
N,7101,117321,95472,96459,1187,52,0,0,1135,0,200
N,7102,18987,15980,16227,261,4,0,0,257,0,14
N,7103,3783,2673,2696,28,0,0,0,28,0,5
N,7104,1391,1035,1037,4,0,0,0,4,0,2
N,7105,22698,20182,20257,79,0,0,0,79,0,4
N,7106,3573,1940,1951,15,0,0,0,15,0,4
N,7107,4148,2573,2589,18,0,0,0,18,0,2
N,7108,4977,3571,3585,18,0,0,0,18,0,4
N,7109,17946,12836,12948,118,1,0,0,117,0,6
N,7110,3750,2689,2707,23,0,0,0,23,0,5
N,7201,24623,16475,16667,218,2,0,0,216,0,26
N,7202,3017,1959,1982,25,0,0,0,25,0,2
N,7203,7198,3838,3935,105,0,0,0,105,0,8
N,7301,68284,57410,58040,662,47,0,0,615,0,32
N,7302,5996,3272,3340,72,0,0,0,72,0,4
N,7303,4386,2592,2662,76,0,0,0,76,0,6
N,7304,19440,16505,16713,218,0,0,0,218,0,10
N,7305,4149,3164,3190,28,0,0,0,28,0,2
N,7306,6317,4576,4647,74,0,0,0,74,0,3
N,7307,6332,4887,4966,87,0,0,0,87,0,8
N,7308,10460,7089,7174,97,0,0,0,97,0,12
N,7309,5590,2369,2397,33,1,0,0,32,0,5
N,7401,42536,34421,34926,537,2,0,0,535,0,32
N,7402,8622,5832,5856,49,1,0,0,48,0,25
N,7403,9300,5612,5671,73,0,0,0,73,0,14
N,7404,20263,15023,15270,258,1,0,0,257,0,11
N,7405,7751,4523,4571,50,0,0,0,50,0,2
N,7406,22722,17487,17669,193,1,0,0,192,0,11
N,7407,7483,5936,5980,51,0,0,0,51,0,7
N,7408,5981,4009,4030,28,0,0,0,28,0,7
N,8101,139090,91251,93094,1983,621,0,0,1362,0,140
N,8102,49181,44529,44480,408,27,0,0,381,0,457
N,8103,32194,28109,28364,273,52,0,0,221,0,18
N,8104,6163,2677,2702,30,0,0,0,30,0,5
N,8105,9861,7479,7524,59,0,0,0,59,0,14
N,8106,14170,13113,13153,177,9,0,0,168,0,137
N,8107,16065,14416,14656,250,16,0,0,234,0,10
N,8108,68057,55385,55899,640,150,0,0,490,0,126
N,8109,6281,4321,4382,67,0,0,0,67,0,6
N,8110,50977,46120,46857,770,87,0,0,683,0,33
N,8111,24322,19273,19447,286,21,0,0,265,0,112
N,8112,33349,31300,31622,328,90,0,0,238,0,6
N,8201,9144,7866,7778,119,1,0,0,118,0,207
N,8202,13097,10832,10824,216,2,0,0,214,0,224
N,8203,8946,7351,7462,169,0,0,0,169,0,58
N,8204,1676,1190,1202,40,0,0,0,40,0,28
N,8205,9901,9272,8988,101,5,0,0,96,0,385
N,8206,7327,6105,6067,62,0,0,0,62,0,100
N,8207,1816,1437,1429,25,0,0,0,25,0,33
N,8301,83820,65587,66252,837,88,0,0,749,0,172
N,8302,2237,1314,1262,27,0,0,0,27,0,79
N,8303,11770,8433,8501,144,1,0,0,143,0,76
N,8304,7625,6267,6391,140,1,0,0,139,0,16
N,8305,8947,7474,7536,147,1,0,0,146,0,85
N,8306,9455,8095,8240,173,0,0,0,173,0,28
N,8307,3283,2478,2475,32,0,0,0,32,0,35
N,8308,1540,992,1002,13,0,0,0,13,0,3
N,8309,2749,2020,2055,39,0,0,0,39,0,4
N,8310,1182,938,900,15,0,0,0,15,0,53
N,8311,4280,3323,3319,69,0,0,0,69,0,73
N,8312,7819,6147,6134,97,0,0,0,97,0,110
N,8313,9512,6291,6350,134,3,0,0,131,0,75
N,8314,511,255,269,15,0,0,0,15,0,1
N,9101,147165,110578,112243,1770,210,0,0,1560,0,105
N,9102,6092,5115,5234,144,0,0,0,144,0,25
N,9103,7763,5091,5186,133,0,0,0,133,0,38
N,9104,3234,897,912,34,0,0,0,34,0,19
N,9105,5479,3461,3550,94,0,0,0,94,0,5
N,9106,1983,1646,1700,58,0,0,0,58,0,4
N,9107,5577,4201,4277,122,0,0,0,122,0,46
N,9108,14444,11948,12184,248,0,0,0,248,0,12
N,9109,10976,7087,7261,189,0,0,0,189,0,15
N,9110,2047,1081,1109,37,0,0,0,37,0,9
N,9111,7809,6473,6616,162,0,0,0,162,0,19
N,9112,19986,17767,18022,269,11,0,0,258,0,14
N,9113,1856,1458,1483,28,0,0,0,28,0,3
N,9114,10232,7542,7663,185,0,0,0,185,0,64
N,9115,30768,15043,15569,559,48,0,0,511,0,33
N,9116,2131,1408,1483,92,0,0,0,92,0,17
N,9117,3335,2547,2601,78,0,0,0,78,0,24
N,9118,2395,1864,1846,63,0,0,0,63,0,81
N,9119,10264,7491,7598,113,2,0,0,111,0,6
N,9120,38482,23145,23815,708,40,0,0,668,0,38
N,9121,2560,1731,1764,40,0,0,0,40,0,7
N,9201,22173,19299,19635,378,3,0,0,375,0,42
N,9202,7304,6635,6729,109,0,0,0,109,0,15
N,9203,9930,6247,6399,168,0,0,0,168,0,16
N,9204,1846,1608,1630,30,0,0,0,30,0,8
N,9205,4341,1614,1681,78,0,0,0,78,0,11
N,9206,2180,1880,1907,39,0,0,0,39,0,12
N,9207,2060,1586,1606,50,0,0,0,50,0,30
N,9208,3565,3120,3178,71,0,0,0,71,0,13
N,9209,3697,3358,3387,34,0,0,0,34,0,5
N,9210,6686,5786,5866,109,2,0,0,107,0,29
N,9211,12094,10012,10230,247,4,0,0,243,0,29
N,10101,117019,87002,87933,1056,110,0,0,946,0,125
N,10102,9244,4696,4841,160,2,0,0,158,0,15
N,10103,2697,441,473,32,0,0,0,32,0,0
N,10104,5738,3274,3314,40,0,0,0,40,0,0
N,10105,14160,7007,7125,131,8,0,0,123,0,13
N,10106,8200,3205,3283,80,0,0,0,80,0,2
N,10107,7932,4984,5055,73,0,0,0,73,0,2
N,10108,7797,3013,3079,68,1,0,0,67,0,2
N,10109,35776,16457,16782,345,26,0,0,319,0,20
N,10201,17733,13284,13763,503,1,0,0,502,0,24
N,10202,23756,11770,12002,248,0,0,0,248,0,16
N,10203,7807,2709,2805,100,0,0,0,100,0,4
N,10204,1108,669,678,10,0,0,0,10,0,1
N,10205,5602,2780,2880,104,0,0,0,104,0,4
N,10206,887,459,483,25,0,0,0,25,0,1
N,10207,2629,1258,1278,22,0,0,0,22,0,2
N,10208,8334,5270,5456,198,0,0,0,198,0,12
N,10209,2479,985,1004,22,0,0,0,22,0,3
N,10210,1903,1276,1338,64,0,0,0,64,0,2
N,10301,68549,55838,56755,958,109,0,0,849,0,41
N,10302,3790,1675,1724,53,0,0,0,53,0,4
N,10303,7053,5305,5440,141,0,0,0,141,0,6
N,10304,5446,2583,2621,44,0,0,0,44,0,6
N,10305,4983,3262,3330,70,1,0,0,69,0,2
N,10306,1781,1189,1203,14,0,0,0,14,0,0
N,10307,3474,2375,2406,31,0,0,0,31,0,0
N,10401,2730,1219,1286,72,0,0,0,72,0,5
N,10402,1691,671,720,51,0,0,0,51,0,2
N,10403,3429,1387,1416,32,0,0,0,32,0,3
N,10404,933,455,472,18,0,0,0,18,0,1
N,11101,28250,19711,20195,507,5,0,0,502,0,23
N,11102,969,285,306,22,0,0,0,22,0,1
N,11201,12817,8133,8388,275,0,0,0,275,0,20
N,11202,3450,1818,1930,116,0,0,0,116,0,4
N,11203,500,327,344,17,0,0,0,17,0,0
N,11301,2031,1192,1251,60,0,0,0,60,0,1
N,11302,365,195,205,12,0,0,0,12,0,2
N,11303,265,133,142,9,0,0,0,9,0,0
N,11401,3534,1822,1909,96,0,0,0,96,0,9
N,11402,3586,980,1027,51,0,0,0,51,0,4
N,12101,59914,47407,48190,928,78,0,0,850,0,145
N,12102,74,50,52,2,0,0,0,2,0,0
N,12103,23,1,3,2,0,0,0,2,0,0
N,12104,239,118,132,14,0,0,0,14,0,0
N,12201,848,404,410,8,0,0,0,8,0,2
N,12301,3274,2017,2099,94,0,0,0,94,0,12
N,12302,262,65,101,36,0,0,0,36,0,0
N,12303,253,13,16,3,0,0,0,3,0,0
N,12401,12195,8796,9086,306,0,0,0,306,0,16
N,12402,125,23,34,11,0,0,0,11,0,0
N,13101,421154,219735,223168,3603,1023,0,0,2580,0,170
N,13102,32858,28136,28442,324,4,0,0,320,0,18
N,13103,32108,30699,31408,734,11,0,0,723,0,25
N,13104,36074,32223,32904,710,20,0,0,690,0,29
N,13105,44394,42545,43252,726,24,0,0,702,0,19
N,13106,97083,70314,70968,679,104,0,0,575,0,25
N,13107,46281,28415,28648,244,59,0,0,185,0,11
N,13108,60972,43746,44640,923,175,0,0,748,0,29
N,13109,57645,42309,43400,1111,87,0,0,1024,0,20
N,13110,184659,140209,141506,1353,299,0,0,1054,0,56
N,13111,31862,29929,30511,595,7,0,0,588,0,13
N,13112,50730,48827,49451,635,15,0,0,620,0,11
N,13113,41362,30094,30556,482,258,0,0,224,0,20
N,13114,393151,128417,130512,2150,1617,1,0,532,0,55
N,13115,74645,34071,34333,380,239,0,0,141,0,118
N,13116,24010,23027,23440,424,88,0,0,336,0,11
N,13117,25655,24090,24527,457,52,0,0,405,0,20
N,13118,77872,49159,49569,424,181,0,0,243,0,14
N,13119,172295,161180,161666,621,24,1,0,596,0,135
N,13120,263277,127744,129274,1565,1089,0,0,476,0,35
N,13121,29234,26581,27121,550,72,0,0,478,0,10
N,13122,69621,62568,63001,574,41,0,0,533,0,141
N,13123,218019,75480,77694,2436,1491,0,0,945,0,222
N,13124,70942,64792,65204,550,94,0,0,456,0,138
N,13125,68972,65158,65563,426,134,0,0,292,0,21
N,13126,48469,38317,39619,1336,77,0,0,1259,0,34
N,13127,56175,40347,41542,1235,147,0,0,1088,0,40
N,13128,45179,41884,42300,439,27,0,0,412,0,23
N,13129,39256,31123,31846,743,32,0,0,711,0,20
N,13130,117213,63794,65060,1284,348,0,0,936,0,18
N,13131,20345,19230,19674,457,1,0,0,456,0,13
N,13132,114378,35280,36060,789,616,0,0,173,0,9
N,13201,186785,181059,182195,1192,174,1,0,1017,0,56
N,13202,7002,5286,5344,62,0,0,0,62,0,4
N,13203,6282,4577,4773,216,0,0,0,216,0,20
N,13301,55207,48360,48575,257,14,0,0,243,0,42
N,13302,40005,35091,35376,302,2,0,0,300,0,17
N,13303,5436,4426,4500,81,0,0,0,81,0,7
N,13401,100154,92679,93448,856,76,0,0,780,0,87
N,13402,37510,34676,34994,338,1,0,0,337,0,20
N,13403,6919,5493,5560,75,0,0,0,75,0,8
N,13404,22167,17501,17699,226,1,0,0,225,0,28
N,13501,40568,35662,36050,400,2,0,0,398,0,12
N,13502,1487,1238,1246,9,0,0,0,9,0,1
N,13503,13066,8705,8817,129,0,0,0,129,0,17
N,13504,3733,2714,2729,18,0,0,0,18,0,3
N,13505,1520,915,927,14,0,0,0,14,0,2
N,13601,24335,20711,20930,239,16,0,0,223,0,20
N,13602,10962,10092,10211,123,21,0,0,102,0,4
N,13603,12117,10577,10695,124,0,0,0,124,0,6
N,13604,28716,26040,26192,162,3,0,0,159,0,10
N,13605,30266,28320,28584,281,4,0,0,277,0,17
N,14101,66138,51809,52670,978,105,0,0,873,0,117
N,14102,2654,1712,1726,21,0,0,0,21,0,7
N,14103,6074,4839,4962,126,0,0,0,126,0,3
N,14104,7288,4430,4546,126,0,0,0,126,0,10
N,14105,2398,1746,1772,29,0,0,0,29,0,3
N,14106,7791,5450,5575,138,0,0,0,138,0,13
N,14107,6522,4486,4623,154,0,0,0,154,0,17
N,14108,13962,7949,8228,293,6,0,0,287,0,14
N,14201,15506,10952,11202,263,12,0,0,251,0,13
N,14202,6044,3865,3988,135,2,0,0,133,0,12
N,14203,4783,2216,2284,76,0,0,0,76,0,8
N,14204,12064,8928,9116,205,2,0,0,203,0,17
N,15101,78033,64703,66242,1595,154,0,0,1441,0,56
N,15102,902,365,376,11,0,0,0,11,0,0
N,15201,1304,698,716,19,0,0,0,19,0,1
N,15202,221,121,123,2,0,0,0,2,0,0
N,16101,88766,72964,74118,1199,76,0,0,1123,0,45
N,16102,9970,7063,7131,115,0,0,0,115,0,47
N,16103,12846,10846,10966,128,5,0,0,123,0,8
N,16104,3759,2371,2362,61,1,0,0,60,0,70
N,16105,3561,2212,2174,30,0,0,0,30,0,68
N,16106,7401,3763,3798,112,9,0,0,103,0,77
N,16107,10867,6591,6596,130,0,0,0,130,0,125
N,16108,5804,3746,3673,54,0,0,0,54,0,127
N,16109,7765,5099,5100,121,1,0,0,120,0,120
N,16201,5214,3953,3846,57,0,0,0,57,0,164
N,16202,3525,1752,1762,47,1,0,0,46,0,37
N,16203,4837,3663,3708,118,2,0,0,116,0,73
N,16204,1722,998,999,21,0,0,0,21,0,20
N,16205,1388,983,998,23,0,0,0,23,0,8
N,16206,2112,1569,1506,29,0,0,0,29,0,92
N,16207,2260,1342,1321,11,0,0,0,11,0,32
N,16301,20932,15955,16206,261,11,0,0,250,0,10
N,16302,8018,5626,5647,98,0,0,0,98,0,77
N,16303,2699,1223,1160,20,0,0,0,20,0,83
N,16304,2085,1092,1088,26,0,0,0,26,0,30
N,16305,5996,2411,2410,33,0,0,0,33,0,34
